covered_recipient_profile_id,covered_recipient_npi,covered_recipient_first_name,covered_recipient_last_name,covered_recipient_specialty_1,years_received,years_list,total_amount,avg_yearly_amount,first_year,last_year
1311167,,Guy,Kezirian,Allopathic & Osteopathic Physicians|Ophthalmology,5,"2020, 2021, 2022, 2023, 2024",7657030.500000000,1531406.100000000,2020,2024
275947,1093703167,EDWIN,RYAN,Allopathic & Osteopathic Physicians|Ophthalmology,5,"2020, 2021, 2022, 2023, 2024",6321942.730000000,1264388.546000000,2020,2024
54696,1205870045,MARK,LOBANOFF,Allopathic & Osteopathic Physicians|Ophthalmology,5,"2020, 2021, 2022, 2023, 2024",5644943.860000000,1128988.772000000,2020,2024
220511,1861495780,STEVE,CHARLES,Allopathic & Osteopathic Physicians|Ophthalmology|Retina Specialist,5,"2020, 2021, 2022, 2023, 2024",3959763.120000000,791952.624000000,2020,2024
,,,,,5,"2020, 2021, 2022, 2023, 2024",2071793.710000000,414358.742000000,2020,2024
782831,1730181934,GREGORY,EIPPERT,Allopathic & Osteopathic Physicians|Ophthalmology,5,"2020, 2021, 2022, 2023, 2024",769855.810000000,153971.162000000,2020,2024
130878,1871761577,JOHN,BERDAHL,Allopathic & Osteopathic Physicians|Ophthalmology,5,"2020, 2021, 2022, 2023, 2024",689352.030000000,137870.406000000,2020,2024
933511,1023285988,PREEYA,GUPTA,Allopathic & Osteopathic Physicians|Ophthalmology,5,"2020, 2021, 2022, 2023, 2024",545772.160000000,109154.432000000,2020,2024
5563708,1487073920,JOHN,MICHELETTI,Allopathic & Osteopathic Physicians|Ophthalmology,5,"2020, 2021, 2022, 2023, 2024",377183.390000000,75436.678000000,2020,2024
221346,1881608024,KERRY,SOLOMON,Allopathic & Osteopathic Physicians|Ophthalmology,5,"2020, 2021, 2022, 2023, 2024",370729.600000000,74145.920000000,2020,2024
727085,1760566822,TERRY,KIM,Allopathic & Osteopathic Physicians|Ophthalmology,5,"2020, 2021, 2022, 2023, 2024",355005.460000000,71001.092000000,2020,2024
49879,1093763211,SANJAY,PATEL,Eye and Vision Services Providers|Optometrist,5,"2020, 2021, 2022, 2023, 2024",318973.540000000,63794.708000000,2020,2024
80537,1790713931,LAWRENCE,WOODARD,Allopathic & Osteopathic Physicians|Ophthalmology,5,"2020, 2021, 2022, 2023, 2024",316687.210000000,63337.442000000,2020,2024
688816,1417977919,CLAUDIO,LAGUNAS,Eye and Vision Services Providers|Optometrist,5,"2020, 2021, 2022, 2023, 2024",307443.130000000,61488.626000000,2020,2024
187400,1124229810,NATHAN,RADCLIFFE,Allopathic & Osteopathic Physicians|Ophthalmology,5,"2020, 2021, 2022, 2023, 2024",305019.410000000,61003.882000000,2020,2024
9765,1205898681,WILLIAM,MAXWELL,Allopathic & Osteopathic Physicians|Ophthalmology,5,"2020, 2021, 2022, 2023, 2024",292779.550000000,58555.910000000,2020,2024
168461,1700840493,CATHLEEN,MCCABE,Allopathic & Osteopathic Physicians|Ophthalmology,5,"2020, 2021, 2022, 2023, 2024",284965.540000000,56993.108000000,2020,2024
274084,1033175484,JOHN,HOVANESIAN,Allopathic & Osteopathic Physicians|Ophthalmology,5,"2020, 2021, 2022, 2023, 2024",279651.900000000,55930.380000000,2020,2024
40572,1891790770,ERIC,DONNENFELD,Allopathic & Osteopathic Physicians|Ophthalmology,5,"2020, 2021, 2022, 2023, 2024",266803.460000000,53360.692000000,2020,2024
546610,1447672902,PETER,BERGENSKE,Eye and Vision Services Providers|Optometrist,5,"2020, 2021, 2022, 2023, 2024",261261.580000000,52252.316000000,2020,2024
141555,1104990506,WARREN,HILL,Allopathic & Osteopathic Physicians|Ophthalmology,5,"2020, 2021, 2022, 2023, 2024",247030.660000000,49406.132000000,2020,2024
786192,1851484620,PAMELA,LOWE,Eye and Vision Services Providers|Optometrist,5,"2020, 2021, 2022, 2023, 2024",232811.230000000,46562.246000000,2020,2024
1167334,1245291921,DAVID,LUBECK,Allopathic & Osteopathic Physicians|Ophthalmology,5,"2020, 2021, 2022, 2023, 2024",225867.110000000,45173.422000000,2020,2024
185990,1093852253,KULDEV,SINGH,Allopathic & Osteopathic Physicians|Ophthalmology,5,"2020, 2021, 2022, 2023, 2024",219863.840000000,43972.768000000,2020,2024
789584,1972509164,EMILE,FADEL,Eye and Vision Services Providers|Optometrist,5,"2020, 2021, 2022, 2023, 2024",219792.130000000,43958.426000000,2020,2024
14611,1316075070,MICHAEL,SLUSKY,Eye and Vision Services Providers|Optometrist,5,"2020, 2021, 2022, 2023, 2024",219061.110000000,43812.222000000,2020,2024
770478,1316932742,ROBERT,MELENDEZ,Allopathic & Osteopathic Physicians|Ophthalmology,5,"2020, 2021, 2022, 2023, 2024",206779.310000000,41355.862000000,2020,2024
502298,1881601565,MAURICE,WILSON,Eye and Vision Services Providers|Optometrist|Corneal and Contact Management,5,"2020, 2021, 2022, 2023, 2024",192314.910000000,38462.982000000,2020,2024
125594,1770534737,ZARMEENA,VENDAL,Allopathic & Osteopathic Physicians|Ophthalmology,5,"2020, 2021, 2022, 2023, 2024",184857.910000000,36971.582000000,2020,2024
581761,1679883854,AMBER,DUNN,Eye and Vision Services Providers|Optometrist,5,"2020, 2021, 2022, 2023, 2024",183306.440000000,36661.288000000,2020,2024
78174,1710985460,BRANDON,AYRES,Allopathic & Osteopathic Physicians|Ophthalmology,5,"2020, 2021, 2022, 2023, 2024",182458.990000000,36491.798000000,2020,2024
56823,1265427918,THOMAS,SAMUELSON,Allopathic & Osteopathic Physicians|Ophthalmology,5,"2020, 2021, 2022, 2023, 2024",181594.860000000,36318.972000000,2020,2024
99759,1184798274,RICHARD,LEWIS,Allopathic & Osteopathic Physicians|Ophthalmology,5,"2020, 2021, 2022, 2023, 2024",179034.620000000,35806.924000000,2020,2024
49568,1104800630,MARIA,BERROCAL FERNANDEZ,Allopathic & Osteopathic Physicians|Ophthalmology,5,"2020, 2021, 2022, 2023, 2024",161541.030000000,32308.206000000,2020,2024
89647,1972503993,JOHN,KITCHENS,Allopathic & Osteopathic Physicians|Ophthalmology|Retina Specialist,5,"2020, 2021, 2022, 2023, 2024",155683.630000000,31136.726000000,2020,2024
1340873,1942591839,OTIS,WALTON,Allopathic & Osteopathic Physicians|Ophthalmology,5,"2020, 2021, 2022, 2023, 2024",152469.950000000,30493.990000000,2020,2024
921817,1629065149,TIMOTHY,EARLEY,Eye and Vision Services Providers|Optometrist,5,"2020, 2021, 2022, 2023, 2024",148427.550000000,29685.510000000,2020,2024
215353,1760459358,AARON,LUEKENGA,Eye and Vision Services Providers|Optometrist,5,"2020, 2021, 2022, 2023, 2024",146936.440000000,29387.288000000,2020,2024
335979,1417957937,APRIL,JASPER,Eye and Vision Services Providers|Optometrist,5,"2020, 2021, 2022, 2023, 2024",146864.300000000,29372.860000000,2020,2024
5703385,1023549169,ARJAN,HURA,Allopathic & Osteopathic Physicians|Ophthalmology,5,"2020, 2021, 2022, 2023, 2024",146528.810000000,29305.762000000,2020,2024
2787211,1194164186,ERIC,ROSENBERG,Allopathic & Osteopathic Physicians|Ophthalmology,5,"2020, 2021, 2022, 2023, 2024",146275.200000000,29255.040000000,2020,2024
4120,1083612162,JAY,CRANK,Eye and Vision Services Providers|Optometrist,5,"2020, 2021, 2022, 2023, 2024",144435.540000000,28887.108000000,2020,2024
199105,1396837282,NEDA,SHAMIE,Allopathic & Osteopathic Physicians|Ophthalmology,5,"2020, 2021, 2022, 2023, 2024",142381.090000000,28476.218000000,2020,2024
73016,1619910569,PAUL,KARPECKI,Eye and Vision Services Providers|Optometrist,5,"2020, 2021, 2022, 2023, 2024",140277.090000000,28055.418000000,2020,2024
305603,1740259829,SHAMIK,BAFNA,Allopathic & Osteopathic Physicians|Ophthalmology,5,"2020, 2021, 2022, 2023, 2024",139373.300000000,27874.660000000,2020,2024
107523,1356470900,SUSAN,RESNICK,Eye and Vision Services Providers|Optometrist,5,"2020, 2021, 2022, 2023, 2024",138334.710000000,27666.942000000,2020,2024
143318,1164586616,YANNEK,LEIDERMAN,Allopathic & Osteopathic Physicians|Ophthalmology,5,"2020, 2021, 2022, 2023, 2024",137696.580000000,27539.316000000,2020,2024
95886,1114140795,NICOLE,FRAM,Allopathic & Osteopathic Physicians|Ophthalmology,5,"2020, 2021, 2022, 2023, 2024",137239.830000000,27447.966000000,2020,2024
41146,1912990086,CHRISTOPHER,LIEVENS,Eye and Vision Services Providers|Optometrist,5,"2020, 2021, 2022, 2023, 2024",134058.340000000,26811.668000000,2020,2024
349209,1689687147,WILLIAM,WILEY,Allopathic & Osteopathic Physicians|Ophthalmology,5,"2020, 2021, 2022, 2023, 2024",133464.600000000,26692.920000000,2020,2024
1033759,1548434921,LEJLA,VAJZOVIC,Allopathic & Osteopathic Physicians|Ophthalmology,5,"2020, 2021, 2022, 2023, 2024",130944.540000000,26188.908000000,2020,2024
106347,1356385876,RONALD,KRUEGER,Allopathic & Osteopathic Physicians|Ophthalmology,5,"2020, 2021, 2022, 2023, 2024",129718.170000000,25943.634000000,2020,2024
866366,1679660054,ROBIN,VANN,Allopathic & Osteopathic Physicians|Ophthalmology,5,"2020, 2021, 2022, 2023, 2024",127837.190000000,25567.438000000,2020,2024
23095,1508857491,FARRELL,TYSON,Allopathic & Osteopathic Physicians|Ophthalmology,5,"2020, 2021, 2022, 2023, 2024",122914.900000000,24582.980000000,2020,2024
69143,1548253974,KATIE,SPEAR,Eye and Vision Services Providers|Optometrist,5,"2020, 2021, 2022, 2023, 2024",121332.460000000,24266.492000000,2020,2024
5743,1134147093,LISA,GREENE,Eye and Vision Services Providers|Optometrist,5,"2020, 2021, 2022, 2023, 2024",119552.620000000,23910.524000000,2020,2024
254992,1609957786,NEEL,DESAI,Allopathic & Osteopathic Physicians|Ophthalmology,5,"2020, 2021, 2022, 2023, 2024",118716.640000000,23743.328000000,2020,2024
2879326,1912437872,ERICK,HENDERSON,Eye and Vision Services Providers|Optometrist,5,"2020, 2021, 2022, 2023, 2024",116112.840000000,23222.568000000,2020,2024
1411595,1871943449,JAMIE,KUZNIAR,Eye and Vision Services Providers|Optometrist,5,"2020, 2021, 2022, 2023, 2024",114288.520000000,22857.704000000,2020,2024
302285,1659506822,ZAINA,AL-MOHTASEB,Allopathic & Osteopathic Physicians|Ophthalmology,5,"2020, 2021, 2022, 2023, 2024",112012.500000000,22402.500000000,2020,2024
104347,1306883897,DEAN,ELIOTT,Allopathic & Osteopathic Physicians|Ophthalmology,5,"2020, 2021, 2022, 2023, 2024",110655.880000000,22131.176000000,2020,2024
1030424,1427464510,KRITI,BHAGAT,Eye and Vision Services Providers|Optometrist,5,"2020, 2021, 2022, 2023, 2024",110401.770000000,22080.354000000,2020,2024
185572,1073789061,CHRISTINA,WENG,Allopathic & Osteopathic Physicians|Ophthalmology,5,"2020, 2021, 2022, 2023, 2024",102639.690000000,20527.938000000,2020,2024
934552,1063649713,AARON,LEE,Allopathic & Osteopathic Physicians|Ophthalmology,5,"2020, 2021, 2022, 2023, 2024",102532.130000000,20506.426000000,2020,2024
189181,1154582575,ERIC,NUDLEMAN,Allopathic & Osteopathic Physicians|Ophthalmology,5,"2020, 2021, 2022, 2023, 2024",98337.960000000,19667.592000000,2020,2024
286917,1316957350,SATISH,MODI,Allopathic & Osteopathic Physicians|Ophthalmology,5,"2020, 2021, 2022, 2023, 2024",98183.430000000,19636.686000000,2020,2024
24074,1548203904,SHERI,ROWEN,Allopathic & Osteopathic Physicians|Ophthalmology,5,"2020, 2021, 2022, 2023, 2024",97296.890000000,19459.378000000,2020,2024
323570,1134109440,JOSEPH,SMAY,Eye and Vision Services Providers|Optometrist,5,"2020, 2021, 2022, 2023, 2024",96774.330000000,19354.866000000,2020,2024
119999,1639355449,JEAN PIERRE,HUBSCHMAN,Allopathic & Osteopathic Physicians|Ophthalmology,5,"2020, 2021, 2022, 2023, 2024",94803.680000000,18960.736000000,2020,2024
501585,1851533236,SAMUEL,HOUSTON III,Allopathic & Osteopathic Physicians|Ophthalmology,5,"2020, 2021, 2022, 2023, 2024",94480.810000000,18896.162000000,2020,2024
421692,1053360131,TORREY,CARLSON,Eye and Vision Services Providers|Optometrist,5,"2020, 2021, 2022, 2023, 2024",94295.850000000,18859.170000000,2020,2024
128771,1851402689,BRITT,GUSTAFSON,Eye and Vision Services Providers|Optometrist,5,"2020, 2021, 2022, 2023, 2024",93884.010000000,18776.802000000,2020,2024
357610,1881683233,DOUGLAS,KOCH,Allopathic & Osteopathic Physicians|Ophthalmology,5,"2020, 2021, 2022, 2023, 2024",93862.380000000,18772.476000000,2020,2024
352461,1770698854,HANNA,SHAMMAS,Allopathic & Osteopathic Physicians|Ophthalmology,5,"2020, 2021, 2022, 2023, 2024",89312.720000000,17862.544000000,2020,2024
335201,1376755009,LAURA,PERIMAN,Allopathic & Osteopathic Physicians|Ophthalmology,5,"2020, 2021, 2022, 2023, 2024",87575.120000000,17515.024000000,2020,2024
97804,1164483301,QUENTIN,ALLEN,Allopathic & Osteopathic Physicians|Ophthalmology,5,"2020, 2021, 2022, 2023, 2024",87171.420000000,17434.284000000,2020,2024
109974,1437192135,AUDINA,BERROCAL,Allopathic & Osteopathic Physicians|Ophthalmology,5,"2020, 2021, 2022, 2023, 2024",86633.160000000,17326.632000000,2020,2024
85867,1891710851,TIMOTHY,MURRAY,Allopathic & Osteopathic Physicians|Ophthalmology|Retina Specialist,5,"2020, 2021, 2022, 2023, 2024",86545.840000000,17309.168000000,2020,2024
688314,1407812027,DAVID,ELDRED,Eye and Vision Services Providers|Optometrist,5,"2020, 2021, 2022, 2023, 2024",86522.040000000,17304.408000000,2020,2024
291500,1427172246,KARL,STONECIPHER,Allopathic & Osteopathic Physicians|Ophthalmology,5,"2020, 2021, 2022, 2023, 2024",86411.720000000,17282.344000000,2020,2024
2787109,1053730077,BRETT,MUELLER,Allopathic & Osteopathic Physicians|Ophthalmology,5,"2020, 2021, 2022, 2023, 2024",85966.050000000,17193.210000000,2020,2024
221167,1881658615,FIRAS,RAHHAL,Allopathic & Osteopathic Physicians|Ophthalmology,5,"2020, 2021, 2022, 2023, 2024",84495.520000000,16899.104000000,2020,2024
145634,1205870748,JOHN,DAVIDSON,Allopathic & Osteopathic Physicians|Ophthalmology,5,"2020, 2021, 2022, 2023, 2024",84467.310000000,16893.462000000,2020,2024
139976,1073706529,TESSA,SOKOL,Eye and Vision Services Providers|Optometrist,5,"2020, 2021, 2022, 2023, 2024",79349.430000000,15869.886000000,2020,2024
164165,1619283256,AMANDA,NANASY,Eye and Vision Services Providers|Optometrist,5,"2020, 2021, 2022, 2023, 2024",78467.150000000,15693.430000000,2020,2024
90427,1992749519,BRADFORD,RIPPS,Eye and Vision Services Providers|Optometrist|Corneal and Contact Management,5,"2020, 2021, 2022, 2023, 2024",77865.880000000,15573.176000000,2020,2024
1438481,1366802951,ASHLEY,BRISSETTE,Allopathic & Osteopathic Physicians|Ophthalmology|Cornea and External Diseases Specialist,5,"2020, 2021, 2022, 2023, 2024",76967.470000000,15393.494000000,2020,2024
268195,1902856818,RICHARD,BURNS,Allopathic & Osteopathic Physicians|Ophthalmology,5,"2020, 2021, 2022, 2023, 2024",76042.390000000,15208.478000000,2020,2024
175348,1851489355,MICHAEL,GORDON,Allopathic & Osteopathic Physicians|Ophthalmology,5,"2020, 2021, 2022, 2023, 2024",74887.570000000,14977.514000000,2020,2024
1095507,1710275995,JESSICA,CROOKER,Eye and Vision Services Providers|Optometrist,5,"2020, 2021, 2022, 2023, 2024",74709.290000000,14941.858000000,2020,2024
197714,1366533846,GANESHA,KANDAVEL,Allopathic & Osteopathic Physicians|Ophthalmology,5,"2020, 2021, 2022, 2023, 2024",73244.140000000,14648.828000000,2020,2024
149833,1306075734,JOHN,MILLER,Allopathic & Osteopathic Physicians|Ophthalmology,5,"2020, 2021, 2022, 2023, 2024",73050.840000000,14610.168000000,2020,2024
776092,1497952972,VINCENT,ZINGARO,Eye and Vision Services Providers|Optometrist,5,"2020, 2021, 2022, 2023, 2024",72675.070000000,14535.014000000,2020,2024
155100,1437160579,JEFFREY,MARTIN,Allopathic & Osteopathic Physicians|Ophthalmology,5,"2020, 2021, 2022, 2023, 2024",72432.240000000,14486.448000000,2020,2024
33129,1740275908,RICHARD,LINDSTROM,Allopathic & Osteopathic Physicians|Ophthalmology,5,"2020, 2021, 2022, 2023, 2024",70567.910000000,14113.582000000,2020,2024
28253,1639160112,JASON,BACHARACH,Allopathic & Osteopathic Physicians|Ophthalmology|Glaucoma Specialist,5,"2020, 2021, 2022, 2023, 2024",70320.080000000,14064.016000000,2020,2024
53376,1174559660,BRET,FISHER,Allopathic & Osteopathic Physicians|Ophthalmology,5,"2020, 2021, 2022, 2023, 2024",70264.660000000,14052.932000000,2020,2024
208160,1609025493,JUAN,MENJIVAR,Eye and Vision Services Providers|Optometrist,5,"2020, 2021, 2022, 2023, 2024",68745.710000000,13749.142000000,2020,2024
92278,1043283146,SARA,KURTIS,Eye and Vision Services Providers|Optometrist,5,"2020, 2021, 2022, 2023, 2024",68410.540000000,13682.108000000,2020,2024
114088,1528227691,JENNIFER,LOH,Allopathic & Osteopathic Physicians|Ophthalmology,5,"2020, 2021, 2022, 2023, 2024",67694.230000000,13538.846000000,2020,2024
968885,1306173893,SAMUEL,LEE,Allopathic & Osteopathic Physicians|Ophthalmology,5,"2020, 2021, 2022, 2023, 2024",64616.600000000,12923.320000000,2020,2024
334426,1366492365,ALAN,FRANKLIN,Allopathic & Osteopathic Physicians|Ophthalmology|Retina Specialist,5,"2020, 2021, 2022, 2023, 2024",64282.130000000,12856.426000000,2020,2024
351424,1730185182,GARY,FOSTER,Allopathic & Osteopathic Physicians|Ophthalmology,5,"2020, 2021, 2022, 2023, 2024",64214.840000000,12842.968000000,2020,2024
731605,1922216621,MATTHEW,RAUEN,Allopathic & Osteopathic Physicians|Ophthalmology,5,"2020, 2021, 2022, 2023, 2024",62200.590000000,12440.118000000,2020,2024
111804,1477587509,JAMES,KATZ,Allopathic & Osteopathic Physicians|Ophthalmology,5,"2020, 2021, 2022, 2023, 2024",62115.400000000,12423.080000000,2020,2024
287931,1356348452,MARGUERITE,MCDONALD,Allopathic & Osteopathic Physicians|Ophthalmology,5,"2020, 2021, 2022, 2023, 2024",61314.330000000,12262.866000000,2020,2024
176881,1891766606,JON,WALKER,Eye and Vision Services Providers|Optometrist,5,"2020, 2021, 2022, 2023, 2024",60697.560000000,12139.512000000,2020,2024
940202,1255442281,BENJAMIN,KACHELMAN,Eye and Vision Services Providers|Optometrist,5,"2020, 2021, 2022, 2023, 2024",59514.910000000,11902.982000000,2020,2024
1213800,1871608943,MATTHEW,GREENE,Eye and Vision Services Providers|Optometrist,5,"2020, 2021, 2022, 2023, 2024",59177.080000000,11835.416000000,2020,2024
30513,1689636250,QUANG,NGUYEN,Allopathic & Osteopathic Physicians|Ophthalmology,5,"2020, 2021, 2022, 2023, 2024",59036.480000000,11807.296000000,2020,2024
1162332,1063591162,WILLIAM,BLACK,Eye and Vision Services Providers|Optometrist,5,"2020, 2021, 2022, 2023, 2024",58551.310000000,11710.262000000,2020,2024
40143,1871592352,STEPHEN,SCOPER,Allopathic & Osteopathic Physicians|Ophthalmology,5,"2020, 2021, 2022, 2023, 2024",58312.690000000,11662.538000000,2020,2024
50798,1134132517,CLAY,MATTSON,Eye and Vision Services Providers|Optometrist,5,"2020, 2021, 2022, 2023, 2024",56551.870000000,11310.374000000,2020,2024
122057,1689851958,STEVEN,YEH,Allopathic & Osteopathic Physicians|Ophthalmology,5,"2020, 2021, 2022, 2023, 2024",56248.330000000,11249.666000000,2020,2024
359780,1932198397,MITCHELL,WEIKERT,Allopathic & Osteopathic Physicians|Ophthalmology,5,"2020, 2021, 2022, 2023, 2024",56145.810000000,11229.162000000,2020,2024
176783,1891757399,STEVEN,VOLD,Allopathic & Osteopathic Physicians|Ophthalmology,5,"2020, 2021, 2022, 2023, 2024",55878.700000000,11175.740000000,2020,2024
246104,1427260975,LISA,NIJM,Allopathic & Osteopathic Physicians|Ophthalmology,5,"2020, 2021, 2022, 2023, 2024",55818.340000000,11163.668000000,2020,2024
936503,1134210149,JEFFREY,HORN,Allopathic & Osteopathic Physicians|Ophthalmology,5,"2020, 2021, 2022, 2023, 2024",55572.090000000,11114.418000000,2020,2024
104337,1306812979,CHARLES,EIFRIG,Allopathic & Osteopathic Physicians|Ophthalmology|Retina Specialist,5,"2020, 2021, 2022, 2023, 2024",55087.960000000,11017.592000000,2020,2024
326346,1194730648,WILSON,MOVIC,Eye and Vision Services Providers|Optometrist,5,"2020, 2021, 2022, 2023, 2024",54699.880000000,10939.976000000,2020,2024
748580,1528380441,GAGAN,SAWHNEY,Allopathic & Osteopathic Physicians|Ophthalmology,5,"2020, 2021, 2022, 2023, 2024",54173.300000000,10834.660000000,2020,2024
916511,1437389822,DUNA,RAOOF,Allopathic & Osteopathic Physicians|Ophthalmology,5,"2020, 2021, 2022, 2023, 2024",54067.610000000,10813.522000000,2020,2024
203135,1477575678,KEVIN,MILLER,Allopathic & Osteopathic Physicians|Ophthalmology,5,"2020, 2021, 2022, 2023, 2024",52540.440000000,10508.088000000,2020,2024
26808,1609865120,CHAD,THOMPSON,Eye and Vision Services Providers|Optometrist,5,"2020, 2021, 2022, 2023, 2024",51336.960000000,10267.392000000,2020,2024
4206573,1952677858,ARKADIY,YADGAROV,Allopathic & Osteopathic Physicians|Ophthalmology|Glaucoma Specialist,5,"2020, 2021, 2022, 2023, 2024",50668.630000000,10133.726000000,2020,2024
1283197,1902196876,MARIA,WALKER,Eye and Vision Services Providers|Optometrist,5,"2020, 2021, 2022, 2023, 2024",49686.580000000,9937.316000000,2020,2024
383220,1700832433,FRANK,SCOLINOS,Eye and Vision Services Providers|Optometrist,5,"2020, 2021, 2022, 2023, 2024",49476.070000000,9895.214000000,2020,2024
214892,1730153024,RICHARD,TIPPERMAN,Allopathic & Osteopathic Physicians|Ophthalmology,5,"2020, 2021, 2022, 2023, 2024",48709.050000000,9741.810000000,2020,2024
72232,1609850452,JEFFREY,CASPAR,Allopathic & Osteopathic Physicians|Ophthalmology,5,"2020, 2021, 2022, 2023, 2024",48637.840000000,9727.568000000,2020,2024
227640,1013976711,WALTER,WHITLEY,Eye and Vision Services Providers|Optometrist,5,"2020, 2021, 2022, 2023, 2024",48181.860000000,9636.372000000,2020,2024
966695,1194005850,MARK,SCHAEFFER,Eye and Vision Services Providers|Optometrist,5,"2020, 2021, 2022, 2023, 2024",46774.960000000,9354.992000000,2020,2024
334134,1366428070,KOUROUS,REZAEI,Allopathic & Osteopathic Physicians|Ophthalmology|Retina Specialist,5,"2020, 2021, 2022, 2023, 2024",46593.110000000,9318.622000000,2020,2024
349913,1700822012,STEPHEN,WEXLER,Allopathic & Osteopathic Physicians|Ophthalmology,5,"2020, 2021, 2022, 2023, 2024",46466.500000000,9293.300000000,2020,2024
254576,1629037296,DOUGLAS,DEVRIES,Eye and Vision Services Providers|Optometrist,5,"2020, 2021, 2022, 2023, 2024",46248.500000000,9249.700000000,2020,2024
361604,1952391666,KENNETH,UZICK,Eye and Vision Services Providers|Optometrist,5,"2020, 2021, 2022, 2023, 2024",45696.500000000,9139.300000000,2020,2024
197789,1376541664,ROBERT,WEINSTOCK,Allopathic & Osteopathic Physicians|Ophthalmology,5,"2020, 2021, 2022, 2023, 2024",44431.940000000,8886.388000000,2020,2024
305157,1720021199,EDWARD,HOLLAND,Allopathic & Osteopathic Physicians|Ophthalmology,5,"2020, 2021, 2022, 2023, 2024",44228.410000000,8845.682000000,2020,2024
2386202,1871853077,BAC,NGUYEN,Allopathic & Osteopathic Physicians|Ophthalmology,5,"2020, 2021, 2022, 2023, 2024",43156.730000000,8631.346000000,2020,2024
1348172,1306124599,MICHAEL,GREENWOOD,Allopathic & Osteopathic Physicians|Ophthalmology,5,"2020, 2021, 2022, 2023, 2024",42278.930000000,8455.786000000,2020,2024
2261,1053475855,JANELLE,DAVISON,Eye and Vision Services Providers|Optometrist,5,"2020, 2021, 2022, 2023, 2024",41842.280000000,8368.456000000,2020,2024
2778938,1902249139,CENTRAEL,EVANS,Allopathic & Osteopathic Physicians|Ophthalmology,5,"2020, 2021, 2022, 2023, 2024",41572.380000000,8314.476000000,2020,2024
202209,1457401259,EVA,KIM,Allopathic & Osteopathic Physicians|Ophthalmology,5,"2020, 2021, 2022, 2023, 2024",41458.680000000,8291.736000000,2020,2024
558200,1851429922,JASON,FLORES,Eye and Vision Services Providers|Optometrist,5,"2020, 2021, 2022, 2023, 2024",40628.330000000,8125.666000000,2020,2024
672084,1831506682,HEIDI,MILLER,Eye and Vision Services Providers|Optometrist,5,"2020, 2021, 2022, 2023, 2024",39926.770000000,7985.354000000,2020,2024
162513,1588776710,JOHN,MCINTYRE,Eye and Vision Services Providers|Optometrist,5,"2020, 2021, 2022, 2023, 2024",39710.680000000,7942.136000000,2020,2024
284372,1275544884,GANG,HU,Allopathic & Osteopathic Physicians|Ophthalmology,5,"2020, 2021, 2022, 2023, 2024",39366.530000000,7873.306000000,2020,2024
48058,1073540126,PAUL,VACCARELLA,Eye and Vision Services Providers|Optometrist,5,"2020, 2021, 2022, 2023, 2024",38815.380000000,7763.076000000,2020,2024
56573,1255443073,DAVID,DE ROSE,Allopathic & Osteopathic Physicians|Ophthalmology,5,"2020, 2021, 2022, 2023, 2024",38499.270000000,7699.854000000,2020,2024
1298052,1770801540,JULIO,ECHEGOYEN,Allopathic & Osteopathic Physicians|Ophthalmology,5,"2020, 2021, 2022, 2023, 2024",38314.270000000,7662.854000000,2020,2024
352041,1740433945,JACOB,BRUBAKER,Allopathic & Osteopathic Physicians|Ophthalmology|Glaucoma Specialist,5,"2020, 2021, 2022, 2023, 2024",38014.040000000,7602.808000000,2020,2024
1100919,1912050485,CHRISTOPHER,RAFALSKI,Eye and Vision Services Providers|Optometrist,5,"2020, 2021, 2022, 2023, 2024",37005.650000000,7401.130000000,2020,2024
48455,1063453819,DAMON,DIERKER,Eye and Vision Services Providers|Optometrist,5,"2020, 2021, 2022, 2023, 2024",35941.030000000,7188.206000000,2020,2024
1272617,1962727008,YOSHIHIRO,YONEKAWA,Allopathic & Osteopathic Physicians|Ophthalmology,5,"2020, 2021, 2022, 2023, 2024",35268.220000000,7053.644000000,2020,2024
444884,1861620098,SCOTT,GUNDERSON,Eye and Vision Services Providers|Optometrist,5,"2020, 2021, 2022, 2023, 2024",35056.080000000,7011.216000000,2020,2024
759454,1902919913,CHRISTOPHER,WROTEN,Eye and Vision Services Providers|Optometrist,5,"2020, 2021, 2022, 2023, 2024",34805.390000000,6961.078000000,2020,2024
363110,1982778825,ROBERT,SZELIGA,Eye and Vision Services Providers|Optometrist,5,"2020, 2021, 2022, 2023, 2024",32367.860000000,6473.572000000,2020,2024
252052,1548322381,MARK,HUMAYUN,Allopathic & Osteopathic Physicians|Ophthalmology,5,"2020, 2021, 2022, 2023, 2024",32188.160000000,6437.632000000,2020,2024
335038,1386601318,STEVEN,SARKISIAN,Allopathic & Osteopathic Physicians|Ophthalmology|Glaucoma Specialist,5,"2020, 2021, 2022, 2023, 2024",31910.400000000,6382.080000000,2020,2024
1276929,1942698717,VITTORIO,MENA,Eye and Vision Services Providers|Optometrist|Corneal and Contact Management,5,"2020, 2021, 2022, 2023, 2024",31903.080000000,6380.616000000,2020,2024
626474,1245513571,ASHLEY,OWYANG,Eye and Vision Services Providers|Optometrist,5,"2020, 2021, 2022, 2023, 2024",31365.170000000,6273.034000000,2020,2024
170757,1770537128,PULIN,SHAH,Allopathic & Osteopathic Physicians|Ophthalmology|Cornea and External Diseases Specialist,5,"2020, 2021, 2022, 2023, 2024",30959.510000000,6191.902000000,2020,2024
5704996,1497135156,XIONGFEI,LIU,Allopathic & Osteopathic Physicians|Ophthalmology,5,"2020, 2021, 2022, 2023, 2024",30407.350000000,6081.470000000,2020,2024
289189,1386693752,STEPHEN,SLADE,Allopathic & Osteopathic Physicians|Ophthalmology,5,"2020, 2021, 2022, 2023, 2024",29747.170000000,5949.434000000,2020,2024
326359,1184736464,JORGE,FORTUN,Allopathic & Osteopathic Physicians|Ophthalmology,5,"2020, 2021, 2022, 2023, 2024",29550.890000000,5910.178000000,2020,2024
75649,1689654592,IVAN,MAC,Allopathic & Osteopathic Physicians|Ophthalmology,5,"2020, 2021, 2022, 2023, 2024",29293.100000000,5858.620000000,2020,2024
30586,1689674129,DOUGLAS,GRAYSON,Allopathic & Osteopathic Physicians|Ophthalmology,5,"2020, 2021, 2022, 2023, 2024",29007.920000000,5801.584000000,2020,2024
595391,1154613974,ERIC,JENNINGS,Allopathic & Osteopathic Physicians|Ophthalmology,5,"2020, 2021, 2022, 2023, 2024",28156.720000000,5631.344000000,2020,2024
1067333,1730163601,MELISSA,ERICKSON,Eye and Vision Services Providers|Optometrist,5,"2020, 2021, 2022, 2023, 2024",27601.070000000,5520.214000000,2020,2024
322889,1104949841,MICHAEL,BLAIR,Allopathic & Osteopathic Physicians|Ophthalmology,5,"2020, 2021, 2022, 2023, 2024",27313.850000000,5462.770000000,2020,2024
59667,1316966138,DAVID,CHANG,Allopathic & Osteopathic Physicians|Ophthalmology,5,"2020, 2021, 2022, 2023, 2024",27141.880000000,5428.376000000,2020,2024
68761,1528032620,FRANCIS,MAH,Allopathic & Osteopathic Physicians|Ophthalmology,5,"2020, 2021, 2022, 2023, 2024",26532.960000000,5306.592000000,2020,2024
52964,1184612269,KEVIN,BARBER,Allopathic & Osteopathic Physicians|Ophthalmology,5,"2020, 2021, 2022, 2023, 2024",25879.030000000,5175.806000000,2020,2024
1294496,1841491826,WYCHE,COLEMAN,Allopathic & Osteopathic Physicians|Ophthalmology,5,"2020, 2021, 2022, 2023, 2024",25714.460000000,5142.892000000,2020,2024
351859,1760458384,TANIA,SOBCHUK,Eye and Vision Services Providers|Optometrist,5,"2020, 2021, 2022, 2023, 2024",25217.580000000,5043.516000000,2020,2024
300587,1639269616,LOIS,SMITH,Allopathic & Osteopathic Physicians|Ophthalmology,5,"2020, 2021, 2022, 2023, 2024",25212.550000000,5042.510000000,2020,2024
300401,1619135233,SAMUEL,MULTACK,Allopathic & Osteopathic Physicians|Ophthalmology,5,"2020, 2021, 2022, 2023, 2024",25108.770000000,5021.754000000,2020,2024
19674,1427054808,MIGUEL,BUSQUETS,Allopathic & Osteopathic Physicians|Ophthalmology|Retina Specialist,5,"2020, 2021, 2022, 2023, 2024",24830.120000000,4966.024000000,2020,2024
182632,1013950237,KENDALL,DONALDSON,Allopathic & Osteopathic Physicians|Ophthalmology,5,"2020, 2021, 2022, 2023, 2024",24805.020000000,4961.004000000,2020,2024
879441,1134532492,JENNIFER,TSAI,Eye and Vision Services Providers|Optometrist,5,"2020, 2021, 2022, 2023, 2024",24085.530000000,4817.106000000,2020,2024
302759,1689662751,JACK,CHAPMAN,Allopathic & Osteopathic Physicians|Ophthalmology,5,"2020, 2021, 2022, 2023, 2024",23984.010000000,4796.802000000,2020,2024
217496,1801986625,STEVE,CHANG,Allopathic & Osteopathic Physicians|Ophthalmology,5,"2020, 2021, 2022, 2023, 2024",23718.740000000,4743.748000000,2020,2024
1111903,1265536403,JASON,MILLER,Eye and Vision Services Providers|Optometrist,5,"2020, 2021, 2022, 2023, 2024",23709.740000000,4741.948000000,2020,2024
614308,1821132143,WINSON,ONG,Eye and Vision Services Providers|Optometrist,5,"2020, 2021, 2022, 2023, 2024",23327.080000000,4665.416000000,2020,2024
255630,1629071865,MARTIN,BAUMOHL,Eye and Vision Services Providers|Optometrist,5,"2020, 2021, 2022, 2023, 2024",23233.790000000,4646.758000000,2020,2024
34826,1760598296,WILLIAM,DUPPS,Allopathic & Osteopathic Physicians|Ophthalmology,5,"2020, 2021, 2022, 2023, 2024",22748.430000000,4549.686000000,2020,2024
196880,1356365514,JEREMY,WOLFE,Allopathic & Osteopathic Physicians|Ophthalmology|Retina Specialist,5,"2020, 2021, 2022, 2023, 2024",22732.800000000,4546.560000000,2020,2024
361157,1962475806,MARLENE,MOSTER,Allopathic & Osteopathic Physicians|Ophthalmology,5,"2020, 2021, 2022, 2023, 2024",21536.670000000,4307.334000000,2020,2024
1064891,1659359537,JUAWANA,HALL,Eye and Vision Services Providers|Optometrist,5,"2020, 2021, 2022, 2023, 2024",21435.070000000,4287.014000000,2020,2024
71150,1568522969,KEVIN,EVERETT,Allopathic & Osteopathic Physicians|Ophthalmology,5,"2020, 2021, 2022, 2023, 2024",21352.760000000,4270.552000000,2020,2024
1089177,1508818345,DAVID,MITTLEMAN,Allopathic & Osteopathic Physicians|Ophthalmology,5,"2020, 2021, 2022, 2023, 2024",21207.090000000,4241.418000000,2020,2024
419559,1972758449,IRINA,SHIYAN,Eye and Vision Services Providers|Optometrist,5,"2020, 2021, 2022, 2023, 2024",21074.500000000,4214.900000000,2020,2024
62848,1407803703,JOSEPH,PHILLIPS,Eye and Vision Services Providers|Optometrist,5,"2020, 2021, 2022, 2023, 2024",20469.620000000,4093.924000000,2020,2024
388544,1891775797,DEBORAH,WESTON,Eye and Vision Services Providers|Optometrist,5,"2020, 2021, 2022, 2023, 2024",20264.810000000,4052.962000000,2020,2024
1495455,1700148053,KOURTNEY,HOUSER,Allopathic & Osteopathic Physicians|Ophthalmology,5,"2020, 2021, 2022, 2023, 2024",20234.840000000,4046.968000000,2020,2024
778399,1578640215,MELISSA,BOLLINGER,Eye and Vision Services Providers|Optometrist,5,"2020, 2021, 2022, 2023, 2024",19782.800000000,3956.560000000,2020,2024
22281,1487767190,DAN,TRAN,Allopathic & Osteopathic Physicians|Ophthalmology,5,"2020, 2021, 2022, 2023, 2024",19459.820000000,3891.964000000,2020,2024
1253175,1255645230,JENNIFER,DEAKINS,Eye and Vision Services Providers|Optometrist,5,"2020, 2021, 2022, 2023, 2024",19140.460000000,3828.092000000,2020,2024
34290,1740470566,MARIA,SAMPALIS,Eye and Vision Services Providers|Optometrist,5,"2020, 2021, 2022, 2023, 2024",18990.520000000,3798.104000000,2020,2024
265861,1871538876,CHEN,YOUNG,Eye and Vision Services Providers|Optometrist,5,"2020, 2021, 2022, 2023, 2024",18893.840000000,3778.768000000,2020,2024
318463,1023047867,JUSTIN,SCHWEITZER,Eye and Vision Services Providers|Optometrist,5,"2020, 2021, 2022, 2023, 2024",18843.830000000,3768.766000000,2020,2024
194276,1295728863,MARK,KAPPERMAN,Eye and Vision Services Providers|Optometrist,5,"2020, 2021, 2022, 2023, 2024",18755.800000000,3751.160000000,2020,2024
158788,1518049840,GERALD,FISHER,Eye and Vision Services Providers|Optometrist,5,"2020, 2021, 2022, 2023, 2024",18524.540000000,3704.908000000,2020,2024
2785648,1265813992,NANDINI,VENKATESWARAN,Allopathic & Osteopathic Physicians|Ophthalmology,5,"2020, 2021, 2022, 2023, 2024",18514.850000000,3702.970000000,2020,2024
669842,1750674719,JASON,BRENNER,Allopathic & Osteopathic Physicians|Ophthalmology,5,"2020, 2021, 2022, 2023, 2024",18373.030000000,3674.606000000,2020,2024
65977,1467440909,PAUL,MANN,Allopathic & Osteopathic Physicians|Ophthalmology,5,"2020, 2021, 2022, 2023, 2024",18337.940000000,3667.588000000,2020,2024
40567,1891759106,CAROLINE,BAUMAL,Allopathic & Osteopathic Physicians|Ophthalmology|Uveitis and Ocular Inflammatory Disease,5,"2020, 2021, 2022, 2023, 2024",18292.360000000,3658.472000000,2020,2024
258543,1699731018,KENNETH,BECKMAN,Allopathic & Osteopathic Physicians|Ophthalmology,5,"2020, 2021, 2022, 2023, 2024",17958.950000000,3591.790000000,2020,2024
1000564,1376585331,AARON,SAKO,Eye and Vision Services Providers|Optometrist,5,"2020, 2021, 2022, 2023, 2024",17607.280000000,3521.456000000,2020,2024
226227,1982836235,MELANIE,DENTON,Eye and Vision Services Providers|Optometrist,5,"2020, 2021, 2022, 2023, 2024",17478.520000000,3495.704000000,2020,2024
1221049,1124398102,PRIYA,MATHEWS,Allopathic & Osteopathic Physicians|Ophthalmology|Cornea and External Diseases Specialist,5,"2020, 2021, 2022, 2023, 2024",17453.830000000,3490.766000000,2020,2024
143341,1164589164,MICHAEL,JONES,Allopathic & Osteopathic Physicians|Ophthalmology,5,"2020, 2021, 2022, 2023, 2024",17216.130000000,3443.226000000,2020,2024
275896,1093730996,WILLIAM,TRATTLER,Allopathic & Osteopathic Physicians|Ophthalmology,5,"2020, 2021, 2022, 2023, 2024",17163.290000000,3432.658000000,2020,2024
47801,1043412489,RICHARD,ROE,Allopathic & Osteopathic Physicians|Ophthalmology,5,"2020, 2021, 2022, 2023, 2024",17008.730000000,3401.746000000,2020,2024
1388369,1558700542,ALANNA,NATTIS,Allopathic & Osteopathic Physicians|Ophthalmology,5,"2020, 2021, 2022, 2023, 2024",16703.400000000,3340.680000000,2020,2024
297041,1558413294,JONATHAN,RUBENSTEIN,Allopathic & Osteopathic Physicians|Ophthalmology,5,"2020, 2021, 2022, 2023, 2024",16591.260000000,3318.252000000,2020,2024
924555,1710104435,JENNY,TERRELL,Eye and Vision Services Providers|Optometrist,5,"2020, 2021, 2022, 2023, 2024",16571.030000000,3314.206000000,2020,2024
918268,1497836779,BEVERLY,NEWHOUSE,Eye and Vision Services Providers|Optometrist,5,"2020, 2021, 2022, 2023, 2024",16294.650000000,3258.930000000,2020,2024
871562,1861451049,EDWARD,MEIER,Allopathic & Osteopathic Physicians|Ophthalmology,5,"2020, 2021, 2022, 2023, 2024",16128.270000000,3225.654000000,2020,2024
79715,1750393138,DAVID,VROMAN,Allopathic & Osteopathic Physicians|Ophthalmology,5,"2020, 2021, 2022, 2023, 2024",15879.240000000,3175.848000000,2020,2024
267399,1891833695,DAMIEN,GOLDBERG,Allopathic & Osteopathic Physicians|Ophthalmology,5,"2020, 2021, 2022, 2023, 2024",15862.120000000,3172.424000000,2020,2024
49252,1073769717,LUIS,HADDOCK,Allopathic & Osteopathic Physicians|Ophthalmology,5,"2020, 2021, 2022, 2023, 2024",15812.160000000,3162.432000000,2020,2024
966687,1184933608,YASHA,MODI,Allopathic & Osteopathic Physicians|Ophthalmology,5,"2020, 2021, 2022, 2023, 2024",15719.330000000,3143.866000000,2020,2024
24605,1538159454,RAJESH,SHETTY,Allopathic & Osteopathic Physicians|Ophthalmology,5,"2020, 2021, 2022, 2023, 2024",15638.380000000,3127.676000000,2020,2024
77316,1710093083,CARLOS,MARTINEZ,Allopathic & Osteopathic Physicians|Ophthalmology,5,"2020, 2021, 2022, 2023, 2024",15235.470000000,3047.094000000,2020,2024
48046,1073506408,RICHARD,DUROCHER,Eye and Vision Services Providers|Optometrist,5,"2020, 2021, 2022, 2023, 2024",15211.250000000,3042.250000000,2020,2024
91495,1023209038,MANN,TRINH,Eye and Vision Services Providers|Optometrist,5,"2020, 2021, 2022, 2023, 2024",15168.400000000,3033.680000000,2020,2024
384218,1730596545,BETH,SEIDMAN,Eye and Vision Services Providers|Optometrist,5,"2020, 2021, 2022, 2023, 2024",15042.400000000,3008.480000000,2020,2024
77635,1700805363,LESLIE,ADEN,Allopathic & Osteopathic Physicians|Ophthalmology,5,"2020, 2021, 2022, 2023, 2024",15016.330000000,3003.266000000,2020,2024
359005,1912988981,PARAG,MAJMUDAR,Allopathic & Osteopathic Physicians|Ophthalmology,5,"2020, 2021, 2022, 2023, 2024",14872.140000000,2974.428000000,2020,2024
990176,1003893454,NIKHIL,WAGLE,Allopathic & Osteopathic Physicians|Ophthalmology,5,"2020, 2021, 2022, 2023, 2024",14702.160000000,2940.432000000,2020,2024
46759,1043312887,ALAN,FAULKNER,Allopathic & Osteopathic Physicians|Ophthalmology,5,"2020, 2021, 2022, 2023, 2024",14574.610000000,2914.922000000,2020,2024
224669,1962491571,CHRISTOPHER,RIEMANN,Allopathic & Osteopathic Physicians|Ophthalmology,5,"2020, 2021, 2022, 2023, 2024",14419.530000000,2883.906000000,2020,2024
206757,1578545828,JASON,ORTMAN,Eye and Vision Services Providers|Optometrist,5,"2020, 2021, 2022, 2023, 2024",14299.720000000,2859.944000000,2020,2024
31794,1710060405,AUDREY,LYONS,Eye and Vision Services Providers|Optometrist,5,"2020, 2021, 2022, 2023, 2024",14095.220000000,2819.044000000,2020,2024
37386,1831470350,JENNIFER,LYERLY,Eye and Vision Services Providers|Optometrist,5,"2020, 2021, 2022, 2023, 2024",14074.960000000,2814.992000000,2020,2024
224619,1962452813,ANAT,GALOR,Allopathic & Osteopathic Physicians|Ophthalmology,5,"2020, 2021, 2022, 2023, 2024",14073.510000000,2814.702000000,2020,2024
928486,1861424228,CHRISTOPHER,SHELBY,Allopathic & Osteopathic Physicians|Ophthalmology,5,"2020, 2021, 2022, 2023, 2024",13554.180000000,2710.836000000,2020,2024
659461,1407169824,ASHLEY,WALLACE-TUCKER,Eye and Vision Services Providers|Optometrist,5,"2020, 2021, 2022, 2023, 2024",13351.720000000,2670.344000000,2020,2024
65534,1437241171,ALAN,LIMFAT,Eye and Vision Services Providers|Optometrist,5,"2020, 2021, 2022, 2023, 2024",12567.900000000,2513.580000000,2020,2024
111182,1467494203,MICHAEL,BOONE,Allopathic & Osteopathic Physicians|Ophthalmology,5,"2020, 2021, 2022, 2023, 2024",12567.860000000,2513.572000000,2020,2024
64758,1427156983,CHRISTOPHER,BROWNING,Eye and Vision Services Providers|Optometrist,5,"2020, 2021, 2022, 2023, 2024",12554.910000000,2510.982000000,2020,2024
1255403,1346402872,JESSE,RICHMAN,Allopathic & Osteopathic Physicians|Ophthalmology,5,"2020, 2021, 2022, 2023, 2024",12488.250000000,2497.650000000,2020,2024
607141,1568877298,MATTHEW,SHIRLEY,Eye and Vision Services Providers|Optometrist,5,"2020, 2021, 2022, 2023, 2024",12431.760000000,2486.352000000,2020,2024
279122,1144294455,DONALD,SERAFANO,Allopathic & Osteopathic Physicians|Ophthalmology,5,"2020, 2021, 2022, 2023, 2024",12331.080000000,2466.216000000,2020,2024
1179727,1699098053,KAROLINNE,ROCHA,Allopathic & Osteopathic Physicians|Ophthalmology,5,"2020, 2021, 2022, 2023, 2024",12294.910000000,2458.982000000,2020,2024
1251107,1194989764,DANA,HOWARD,Eye and Vision Services Providers|Optometrist,5,"2020, 2021, 2022, 2023, 2024",12200.120000000,2440.024000000,2020,2024
56908,1255313599,ROBERT,CHU,Eye and Vision Services Providers|Optometrist,5,"2020, 2021, 2022, 2023, 2024",11986.780000000,2397.356000000,2020,2024
51198,1124252507,MARIA,PRIBIS,Eye and Vision Services Providers|Optometrist,5,"2020, 2021, 2022, 2023, 2024",11512.940000000,2302.588000000,2020,2024
810740,1720156177,MICHAEL,MCALEESE,Eye and Vision Services Providers|Optometrist,5,"2020, 2021, 2022, 2023, 2024",11505.950000000,2301.190000000,2020,2024
214746,1740274885,MARK,SHIREY,Eye and Vision Services Providers|Optometrist,5,"2020, 2021, 2022, 2023, 2024",11446.840000000,2289.368000000,2020,2024
1346,1043252273,SETH,POTASH,Allopathic & Osteopathic Physicians|Ophthalmology,5,"2020, 2021, 2022, 2023, 2024",11419.280000000,2283.856000000,2020,2024
72713,1629022777,JASON,LAKE,Eye and Vision Services Providers|Optometrist,5,"2020, 2021, 2022, 2023, 2024",11400.040000000,2280.008000000,2020,2024
207372,1568409753,ROBERT,SPIVACK,Eye and Vision Services Providers|Optometrist,5,"2020, 2021, 2022, 2023, 2024",11333.010000000,2266.602000000,2020,2024
449064,1013103563,THUY -TRAN,QUACH,Eye and Vision Services Providers|Optometrist,5,"2020, 2021, 2022, 2023, 2024",11213.170000000,2242.634000000,2020,2024
1027402,1326046426,MARK,HERRIOTT,Eye and Vision Services Providers|Optometrist,5,"2020, 2021, 2022, 2023, 2024",11208.360000000,2241.672000000,2020,2024
1194541,1205812997,ALICE,EPITROPOULOS,Allopathic & Osteopathic Physicians|Ophthalmology,5,"2020, 2021, 2022, 2023, 2024",10981.910000000,2196.382000000,2020,2024
152860,1366447559,PAUL,MANN,Allopathic & Osteopathic Physicians|Ophthalmology,5,"2020, 2021, 2022, 2023, 2024",10738.260000000,2147.652000000,2020,2024
211154,1669671848,JESSICA,YU,Eye and Vision Services Providers|Optometrist|Corneal and Contact Management,5,"2020, 2021, 2022, 2023, 2024",10629.980000000,2125.996000000,2020,2024
754708,1740224724,DUANE,THOMPSON,Eye and Vision Services Providers|Optometrist,5,"2020, 2021, 2022, 2023, 2024",10309.770000000,2061.954000000,2020,2024
1361833,1609251297,MILANA,MATZ,Eye and Vision Services Providers|Optometrist,5,"2020, 2021, 2022, 2023, 2024",10246.650000000,2049.330000000,2020,2024
50119,1114938990,MARK,KONTOS,Allopathic & Osteopathic Physicians|Ophthalmology,5,"2020, 2021, 2022, 2023, 2024",10210.220000000,2042.044000000,2020,2024
4398060,1457771834,ALISON,EARLY,Allopathic & Osteopathic Physicians|Ophthalmology,5,"2020, 2021, 2022, 2023, 2024",10173.040000000,2034.608000000,2020,2024
172611,1790970291,DANIEL,DRISCOLL,Allopathic & Osteopathic Physicians|Ophthalmology,5,"2020, 2021, 2022, 2023, 2024",9951.820000000,1990.364000000,2020,2024
27096,1598875809,DAVID,FISHER,Eye and Vision Services Providers|Optometrist,5,"2020, 2021, 2022, 2023, 2024",9826.890000000,1965.378000000,2020,2024
1093046,1639311517,MIKE,WU,Eye and Vision Services Providers|Optometrist,5,"2020, 2021, 2022, 2023, 2024",9808.840000000,1961.768000000,2020,2024
292160,1447286190,LARISSA,CAMEJO,Allopathic & Osteopathic Physicians|Ophthalmology,5,"2020, 2021, 2022, 2023, 2024",9734.570000000,1946.914000000,2020,2024
14817,1336309723,JUSTIN,DEXTER,Allopathic & Osteopathic Physicians|Ophthalmology,5,"2020, 2021, 2022, 2023, 2024",9695.060000000,1939.012000000,2020,2024
2897243,1326468661,YEN,HSIA,Allopathic & Osteopathic Physicians|Ophthalmology,5,"2020, 2021, 2022, 2023, 2024",9670.560000000,1934.112000000,2020,2024
87168,1932171147,MARK,MILNER,Allopathic & Osteopathic Physicians|Ophthalmology,5,"2020, 2021, 2022, 2023, 2024",9490.790000000,1898.158000000,2020,2024
204905,1528170818,JACOB,SMITH,Eye and Vision Services Providers|Optometrist,5,"2020, 2021, 2022, 2023, 2024",9453.680000000,1890.736000000,2020,2024
190958,1205827912,GREGORY,CALDWELL,Eye and Vision Services Providers|Optometrist,5,"2020, 2021, 2022, 2023, 2024",9408.850000000,1881.770000000,2020,2024
180030,1972595643,MICHAEL,MACKIE,Eye and Vision Services Providers|Optometrist,5,"2020, 2021, 2022, 2023, 2024",9390.640000000,1878.128000000,2020,2024
345074,1598913121,JANA,SOUZA,Eye and Vision Services Providers|Optometrist,5,"2020, 2021, 2022, 2023, 2024",9262.940000000,1852.588000000,2020,2024
1391885,1043553332,BRENTON,FINKLEA,Allopathic & Osteopathic Physicians|Ophthalmology,5,"2020, 2021, 2022, 2023, 2024",9261.250000000,1852.250000000,2020,2024
139127,1073519989,VANCE,THOMPSON,Allopathic & Osteopathic Physicians|Ophthalmology,5,"2020, 2021, 2022, 2023, 2024",9230.070000000,1846.014000000,2020,2024
307417,1760577605,BRIAN,WOOLF,Eye and Vision Services Providers|Optometrist,5,"2020, 2021, 2022, 2023, 2024",9106.480000000,1821.296000000,2020,2024
153054,1386693257,CHARLES,KNUDSON,Eye and Vision Services Providers|Optometrist,5,"2020, 2021, 2022, 2023, 2024",9043.990000000,1808.798000000,2020,2024
540795,1245208511,HUNG,MAC,Eye and Vision Services Providers|Optometrist,5,"2020, 2021, 2022, 2023, 2024",9017.560000000,1803.512000000,2020,2024
271448,1982702759,BRANDON,RODRIGUEZ,Allopathic & Osteopathic Physicians|Ophthalmology,5,"2020, 2021, 2022, 2023, 2024",9017.040000000,1803.408000000,2020,2024
915187,1396790671,ORLANDO,DIAZ,Eye and Vision Services Providers|Optometrist,5,"2020, 2021, 2022, 2023, 2024",8731.730000000,1746.346000000,2020,2024
1769698,1336597079,TREVOR,FOSSO,Eye and Vision Services Providers|Optometrist,5,"2020, 2021, 2022, 2023, 2024",8731.480000000,1746.296000000,2020,2024
350586,1720009913,RICHMOND,ROESKE,Allopathic & Osteopathic Physicians|Ophthalmology,5,"2020, 2021, 2022, 2023, 2024",8662.280000000,1732.456000000,2020,2024
356775,1871538116,DAVID,GOLDMAN,Allopathic & Osteopathic Physicians|Ophthalmology,5,"2020, 2021, 2022, 2023, 2024",8646.390000000,1729.278000000,2020,2024
1021596,1114998622,DAWSON,LI,Eye and Vision Services Providers|Optometrist,5,"2020, 2021, 2022, 2023, 2024",8627.850000000,1725.570000000,2020,2024
326005,1194915371,EPHRAIM,ATWAL,Allopathic & Osteopathic Physicians|Ophthalmology,5,"2020, 2021, 2022, 2023, 2024",8626.330000000,1725.266000000,2020,2024
1241280,1841527710,ANIL,VEDULA,Allopathic & Osteopathic Physicians|Ophthalmology,5,"2020, 2021, 2022, 2023, 2024",8559.650000000,1711.930000000,2020,2024
236707,1235129917,DANIEL,KOENIG,Eye and Vision Services Providers|Optometrist,5,"2020, 2021, 2022, 2023, 2024",8540.530000000,1708.106000000,2020,2024
215616,1750388245,LARRY,HEIT,Allopathic & Osteopathic Physicians|Ophthalmology,5,"2020, 2021, 2022, 2023, 2024",8468.600000000,1693.720000000,2020,2024
191380,1235127713,CLAYTON,BLEHM,Allopathic & Osteopathic Physicians|Ophthalmology,5,"2020, 2021, 2022, 2023, 2024",8419.070000000,1683.814000000,2020,2024
235067,1174627277,RAJU,SARWAL,Allopathic & Osteopathic Physicians|Ophthalmology,5,"2020, 2021, 2022, 2023, 2024",8374.950000000,1674.990000000,2020,2024
141692,1114017175,BRIDGITTE,LEE,Eye and Vision Services Providers|Optometrist,5,"2020, 2021, 2022, 2023, 2024",8316.270000000,1663.254000000,2020,2024
40131,1871775650,FARHAN,IRSHAD,Allopathic & Osteopathic Physicians|Ophthalmology,5,"2020, 2021, 2022, 2023, 2024",8123.890000000,1624.778000000,2020,2024
577071,1528018199,SAMANTHA,HORNBERGER,Eye and Vision Services Providers|Optometrist,5,"2020, 2021, 2022, 2023, 2024",8086.710000000,1617.342000000,2020,2024
42055,1922006998,DAVID,TANG,Eye and Vision Services Providers|Optometrist,5,"2020, 2021, 2022, 2023, 2024",7923.300000000,1584.660000000,2020,2024
356513,1841370012,GERALD,NEIDIGH,Eye and Vision Services Providers|Optometrist,5,"2020, 2021, 2022, 2023, 2024",7741.900000000,1548.380000000,2020,2024
830429,1407969165,KAREN,YEUNG,Eye and Vision Services Providers|Optometrist|Corneal and Contact Management,5,"2020, 2021, 2022, 2023, 2024",7728.160000000,1545.632000000,2020,2024
4218858,1134549967,JOHN,STEPHENS,Allopathic & Osteopathic Physicians|Ophthalmology,5,"2020, 2021, 2022, 2023, 2024",7652.290000000,1530.458000000,2020,2024
157845,1467637298,HIMANI,GOYAL,Allopathic & Osteopathic Physicians|Ophthalmology,5,"2020, 2021, 2022, 2023, 2024",7596.240000000,1519.248000000,2020,2024
193470,1275539629,KARL,OLSEN,Allopathic & Osteopathic Physicians|Ophthalmology,5,"2020, 2021, 2022, 2023, 2024",7522.670000000,1504.534000000,2020,2024
451055,1083029763,NIMESH,PATEL,Allopathic & Osteopathic Physicians|Ophthalmology,5,"2020, 2021, 2022, 2023, 2024",7474.600000000,1494.920000000,2020,2024
194502,1285629485,DALE,TOSLAND,Eye and Vision Services Providers|Optometrist,5,"2020, 2021, 2022, 2023, 2024",7390.320000000,1478.064000000,2020,2024
15486,1356361109,AMARPREET,BRAR,Allopathic & Osteopathic Physicians|Ophthalmology,5,"2020, 2021, 2022, 2023, 2024",7376.920000000,1475.384000000,2020,2024
147433,1255431961,ANTHONY,TRAVERSE,Eye and Vision Services Providers|Optometrist,5,"2020, 2021, 2022, 2023, 2024",7297.310000000,1459.462000000,2020,2024
504334,1952351876,PHILIP,SMITH,Allopathic & Osteopathic Physicians|Ophthalmology,5,"2020, 2021, 2022, 2023, 2024",7201.690000000,1440.338000000,2020,2024
288851,1356535678,SLOAN,RUSH,Allopathic & Osteopathic Physicians|Ophthalmology,5,"2020, 2021, 2022, 2023, 2024",7165.080000000,1433.016000000,2020,2024
120519,1669635132,OMAR,KRAD,Allopathic & Osteopathic Physicians|Ophthalmology,5,"2020, 2021, 2022, 2023, 2024",7101.990000000,1420.398000000,2020,2024
23321,1528081098,ALPA,PATEL,Allopathic & Osteopathic Physicians|Ophthalmology,5,"2020, 2021, 2022, 2023, 2024",7031.220000000,1406.244000000,2020,2024
36547,1790830032,CHRISTOPHER,FULLER,Allopathic & Osteopathic Physicians|Ophthalmology,5,"2020, 2021, 2022, 2023, 2024",6929.220000000,1385.844000000,2020,2024
1178943,1659474120,MILE,BRUJIC,Eye and Vision Services Providers|Optometrist,5,"2020, 2021, 2022, 2023, 2024",6911.580000000,1382.316000000,2020,2024
110460,1447387907,GARY,ROCHA,Eye and Vision Services Providers|Optometrist,5,"2020, 2021, 2022, 2023, 2024",6860.500000000,1372.100000000,2020,2024
283349,1235459512,DAVID,SACKEL,Allopathic & Osteopathic Physicians|Ophthalmology,5,"2020, 2021, 2022, 2023, 2024",6824.990000000,1364.998000000,2020,2024
165,1003837766,DAVID,GWYNN,Allopathic & Osteopathic Physicians|Ophthalmology,5,"2020, 2021, 2022, 2023, 2024",6775.270000000,1355.054000000,2020,2024
238277,1255595864,MATHEW,WALKER,Eye and Vision Services Providers|Optometrist,5,"2020, 2021, 2022, 2023, 2024",6752.910000000,1350.582000000,2020,2024
1061564,1528104999,JACOB,REZNIK,Allopathic & Osteopathic Physicians|Ophthalmology,5,"2020, 2021, 2022, 2023, 2024",6708.400000000,1341.680000000,2020,2024
854747,1306852629,CYNTHIA,CHIU,Allopathic & Osteopathic Physicians|Ophthalmology,5,"2020, 2021, 2022, 2023, 2024",6681.880000000,1336.376000000,2020,2024
302331,1669401162,JEFFREY,WHITMAN,Allopathic & Osteopathic Physicians|Ophthalmology,5,"2020, 2021, 2022, 2023, 2024",6535.490000000,1307.098000000,2020,2024
87862,1942299847,SHAROKH,KAPADIA,Eye and Vision Services Providers|Optometrist,5,"2020, 2021, 2022, 2023, 2024",6523.330000000,1304.666000000,2020,2024
50458,1114025780,EHSAN,SADRI,Allopathic & Osteopathic Physicians|Ophthalmology,5,"2020, 2021, 2022, 2023, 2024",6488.890000000,1297.778000000,2020,2024
284166,1255306981,CHERYL,SCHMITT,Eye and Vision Services Providers|Optometrist,5,"2020, 2021, 2022, 2023, 2024",6466.310000000,1293.262000000,2020,2024
39241,1861481152,JOSEPH,GIRA,Allopathic & Osteopathic Physicians|Ophthalmology,5,"2020, 2021, 2022, 2023, 2024",6384.930000000,1276.986000000,2020,2024
353489,1780720219,AARUP,KUBAL,Allopathic & Osteopathic Physicians|Ophthalmology,5,"2020, 2021, 2022, 2023, 2024",6370.310000000,1274.062000000,2020,2024
170533,1740479500,MONICA,BROWN,Eye and Vision Services Providers|Optometrist,5,"2020, 2021, 2022, 2023, 2024",6307.190000000,1261.438000000,2020,2024
39882,1871598060,DANA,ONDRIAS,Eye and Vision Services Providers|Optometrist,5,"2020, 2021, 2022, 2023, 2024",6303.080000000,1260.616000000,2020,2024
447248,1942555818,AUDREY,TAI,Allopathic & Osteopathic Physicians|Ophthalmology,5,"2020, 2021, 2022, 2023, 2024",6290.240000000,1258.048000000,2020,2024
557573,1821194259,DANNY,BRISTOL,Eye and Vision Services Providers|Optometrist,5,"2020, 2021, 2022, 2023, 2024",6203.170000000,1240.634000000,2020,2024
111272,1467514265,KENNETH,LU,Allopathic & Osteopathic Physicians|Ophthalmology,5,"2020, 2021, 2022, 2023, 2024",6151.970000000,1230.394000000,2020,2024
14077,1316972649,JEFFREY,WINSTON,Allopathic & Osteopathic Physicians|Ophthalmology,5,"2020, 2021, 2022, 2023, 2024",6148.150000000,1229.630000000,2020,2024
306229,1760451892,JOSEPH,PARISI,Allopathic & Osteopathic Physicians|Ophthalmology,5,"2020, 2021, 2022, 2023, 2024",6041.310000000,1208.262000000,2020,2024
295246,1508847930,ERIC,MANN,Allopathic & Osteopathic Physicians|Ophthalmology,5,"2020, 2021, 2022, 2023, 2024",6027.820000000,1205.564000000,2020,2024
1166853,1225161185,ROBERT,BARNES,Eye and Vision Services Providers|Optometrist|Corneal and Contact Management,5,"2020, 2021, 2022, 2023, 2024",5952.890000000,1190.578000000,2020,2024
4224481,1588051791,JASON,LUDLOW,Allopathic & Osteopathic Physicians|Ophthalmology,5,"2020, 2021, 2022, 2023, 2024",5923.460000000,1184.692000000,2020,2024
332944,1326327487,NISHITH,PATEL,Eye and Vision Services Providers|Optometrist,5,"2020, 2021, 2022, 2023, 2024",5896.260000000,1179.252000000,2020,2024
42770,1942268743,ROBERT,LEHMANN,Allopathic & Osteopathic Physicians|Ophthalmology,5,"2020, 2021, 2022, 2023, 2024",5883.740000000,1176.748000000,2020,2024
292785,1457670606,ADRIAN,ELFERSY,Allopathic & Osteopathic Physicians|Ophthalmology,5,"2020, 2021, 2022, 2023, 2024",5876.890000000,1175.378000000,2020,2024
715369,1356383525,JOHN,O'NEILL,Eye and Vision Services Providers|Optometrist,5,"2020, 2021, 2022, 2023, 2024",5819.500000000,1163.900000000,2020,2024
44506,1982788030,AVERY,ALEXANDER,Allopathic & Osteopathic Physicians|Ophthalmology,5,"2020, 2021, 2022, 2023, 2024",5760.520000000,1152.104000000,2020,2024
183842,1053310391,RANYA,HABASH,Allopathic & Osteopathic Physicians|Ophthalmology,5,"2020, 2021, 2022, 2023, 2024",5759.960000000,1151.992000000,2020,2024
378627,1548295983,RICHARD,BUCK,Eye and Vision Services Providers|Optometrist,5,"2020, 2021, 2022, 2023, 2024",5643.170000000,1128.634000000,2020,2024
131655,1912972332,MICHAEL,ROSENBLATT,Eye and Vision Services Providers|Optometrist|Corneal and Contact Management,5,"2020, 2021, 2022, 2023, 2024",5606.420000000,1121.284000000,2020,2024
284914,1285888628,AYHAM,SKAF,Allopathic & Osteopathic Physicians|Ophthalmology|Retina Specialist,5,"2020, 2021, 2022, 2023, 2024",5605.080000000,1121.016000000,2020,2024
601059,1356425615,TROY,WAGNER,Eye and Vision Services Providers|Optometrist,5,"2020, 2021, 2022, 2023, 2024",5597.810000000,1119.562000000,2020,2024
655050,1245308733,JOEL,HAYDEN,Eye and Vision Services Providers|Optometrist,5,"2020, 2021, 2022, 2023, 2024",5582.920000000,1116.584000000,2020,2024
1241978,1871665844,NATAN,DORFMAN,Eye and Vision Services Providers|Optometrist,5,"2020, 2021, 2022, 2023, 2024",5580.120000000,1116.024000000,2020,2024
260911,1750549192,ELSON,LAI,Allopathic & Osteopathic Physicians|Ophthalmology,5,"2020, 2021, 2022, 2023, 2024",5561.210000000,1112.242000000,2020,2024
1181947,1760433197,WILLIAM,HAMMONDS,Allopathic & Osteopathic Physicians|Ophthalmology,5,"2020, 2021, 2022, 2023, 2024",5540.690000000,1108.138000000,2020,2024
157626,1477559854,LISA,CIBIK,Allopathic & Osteopathic Physicians|Ophthalmology,5,"2020, 2021, 2022, 2023, 2024",5451.230000000,1090.246000000,2020,2024
5507,1104991611,CARLTON,YUEN,Allopathic & Osteopathic Physicians|Ophthalmology,5,"2020, 2021, 2022, 2023, 2024",5420.290000000,1084.058000000,2020,2024
1946454,1841648672,KATE,MCCLURE,Eye and Vision Services Providers|Optometrist,5,"2020, 2021, 2022, 2023, 2024",5383.320000000,1076.664000000,2020,2024
261983,1760551154,BRIAN,MILLER,Eye and Vision Services Providers|Optometrist,5,"2020, 2021, 2022, 2023, 2024",5352.010000000,1070.402000000,2020,2024
237155,1215972146,RYAN,IMLER,Eye and Vision Services Providers|Optometrist,5,"2020, 2021, 2022, 2023, 2024",5316.070000000,1063.214000000,2020,2024
162107,1568464287,FRANCIS,PRICE,Allopathic & Osteopathic Physicians|Ophthalmology,5,"2020, 2021, 2022, 2023, 2024",5300.180000000,1060.036000000,2020,2024
699647,1801086202,ERIC,REISH,Allopathic & Osteopathic Physicians|Ophthalmology,5,"2020, 2021, 2022, 2023, 2024",5279.990000000,1055.998000000,2020,2024
212848,1689717852,JEFFREY,SHEARER,Eye and Vision Services Providers|Optometrist,5,"2020, 2021, 2022, 2023, 2024",5247.120000000,1049.424000000,2020,2024
244826,1396765277,MATTHEW,ALPERT,Eye and Vision Services Providers|Optometrist,5,"2020, 2021, 2022, 2023, 2024",5243.560000000,1048.712000000,2020,2024
230313,1083806541,MUJAHID,HINES,Allopathic & Osteopathic Physicians|Ophthalmology,5,"2020, 2021, 2022, 2023, 2024",5199.360000000,1039.872000000,2020,2024
120595,1669458972,NEHA,LACORTE,Eye and Vision Services Providers|Optometrist,5,"2020, 2021, 2022, 2023, 2024",5159.950000000,1031.990000000,2020,2024
252245,1578541991,LEONARD,BLEY,Allopathic & Osteopathic Physicians|Ophthalmology,5,"2020, 2021, 2022, 2023, 2024",5135.400000000,1027.080000000,2020,2024
673227,1871881656,DEBORAH,RISTVEDT,Allopathic & Osteopathic Physicians|Ophthalmology,5,"2020, 2021, 2022, 2023, 2024",5122.400000000,1024.480000000,2020,2024
94218,1093022964,MEREDITH,BARBER,Eye and Vision Services Providers|Optometrist,5,"2020, 2021, 2022, 2023, 2024",5106.670000000,1021.334000000,2020,2024
619154,1992797666,JENNIFER,CARTER,Eye and Vision Services Providers|Optometrist,5,"2020, 2021, 2022, 2023, 2024",5098.980000000,1019.796000000,2020,2024
29138,1659361848,JAMES,KELLY,Allopathic & Osteopathic Physicians|Ophthalmology,5,"2020, 2021, 2022, 2023, 2024",5066.420000000,1013.284000000,2020,2024
129007,1851393086,AHMAD,AMIR,Allopathic & Osteopathic Physicians|Ophthalmology,5,"2020, 2021, 2022, 2023, 2024",5031.490000000,1006.298000000,2020,2024
806671,1568742146,DEANDRE,CARR,Eye and Vision Services Providers|Optometrist,5,"2020, 2021, 2022, 2023, 2024",4947.540000000,989.508000000,2020,2024
219602,1851351811,THOMAS,QUINN,Eye and Vision Services Providers|Optometrist,5,"2020, 2021, 2022, 2023, 2024",4947.520000000,989.504000000,2020,2024
164032,1619005832,MARC,ULLMAN,Eye and Vision Services Providers|Optometrist,5,"2020, 2021, 2022, 2023, 2024",4946.680000000,989.336000000,2020,2024
143033,1144288184,RUPA,WONG,Allopathic & Osteopathic Physicians|Ophthalmology,5,"2020, 2021, 2022, 2023, 2024",4901.470000000,980.294000000,2020,2024
1392143,1275890246,MAJID,MOAREFI,Allopathic & Osteopathic Physicians|Ophthalmology,5,"2020, 2021, 2022, 2023, 2024",4837.660000000,967.532000000,2020,2024
209086,1619910361,MICHAEL,ZUCKER,Eye and Vision Services Providers|Optometrist,5,"2020, 2021, 2022, 2023, 2024",4819.920000000,963.984000000,2020,2024
1401241,1316207913,RAHUL,TONK,Allopathic & Osteopathic Physicians|Ophthalmology,5,"2020, 2021, 2022, 2023, 2024",4809.090000000,961.818000000,2020,2024
87523,1922108950,KYLE,SEXTON,Eye and Vision Services Providers|Optometrist|Corneal and Contact Management,5,"2020, 2021, 2022, 2023, 2024",4805.220000000,961.044000000,2020,2024
761527,1982622643,JENNIFER,BODLEY,Eye and Vision Services Providers|Optometrist,5,"2020, 2021, 2022, 2023, 2024",4797.870000000,959.574000000,2020,2024
101835,1235239351,PAUL,MAURER,Allopathic & Osteopathic Physicians|Ophthalmology,5,"2020, 2021, 2022, 2023, 2024",4797.570000000,959.514000000,2020,2024
2788161,1023363223,MITRA,NEJAD,Allopathic & Osteopathic Physicians|Ophthalmology,5,"2020, 2021, 2022, 2023, 2024",4779.260000000,955.852000000,2020,2024
224671,1962492140,STEPHEN,BASHFORD,Eye and Vision Services Providers|Optometrist,5,"2020, 2021, 2022, 2023, 2024",4714.670000000,942.934000000,2020,2024
102511,1245590868,MAHMOUD,EL-YASSIR,Allopathic & Osteopathic Physicians|Ophthalmology,5,"2020, 2021, 2022, 2023, 2024",4682.300000000,936.460000000,2020,2024
175049,1861711558,OSCAR,KURUVILLA,Allopathic & Osteopathic Physicians|Ophthalmology,5,"2020, 2021, 2022, 2023, 2024",4646.090000000,929.218000000,2020,2024
1176790,1578762449,REED,JARVIS,Eye and Vision Services Providers|Optometrist,5,"2020, 2021, 2022, 2023, 2024",4636.160000000,927.232000000,2020,2024
45994,1023105160,JONATHAN,DAVIDORF,Allopathic & Osteopathic Physicians|Ophthalmology,5,"2020, 2021, 2022, 2023, 2024",4624.010000000,924.802000000,2020,2024
308011,1780675363,JOHN,HART,Allopathic & Osteopathic Physicians|Ophthalmology,5,"2020, 2021, 2022, 2023, 2024",4622.990000000,924.598000000,2020,2024
456125,1265845804,AYAN,CHATTERJEE,Allopathic & Osteopathic Physicians|Ophthalmology|Glaucoma Specialist,5,"2020, 2021, 2022, 2023, 2024",4621.690000000,924.338000000,2020,2024
1731390,1710430061,DANIELLE,GOLDBERG,Eye and Vision Services Providers|Optometrist,5,"2020, 2021, 2022, 2023, 2024",4590.150000000,918.030000000,2020,2024
213098,1710055041,GARY,WORTZ,Allopathic & Osteopathic Physicians|Ophthalmology,5,"2020, 2021, 2022, 2023, 2024",4587.600000000,917.520000000,2020,2024
1365012,1194107763,AARON,NEUFELD,Eye and Vision Services Providers|Optometrist,5,"2020, 2021, 2022, 2023, 2024",4578.420000000,915.684000000,2020,2024
290412,1396756847,MICHAEL,PAVELOFF,Allopathic & Osteopathic Physicians|Ophthalmology,5,"2020, 2021, 2022, 2023, 2024",4566.250000000,913.250000000,2020,2024
1011279,1760462956,JOHN,OKAMOTO,Eye and Vision Services Providers|Optometrist,5,"2020, 2021, 2022, 2023, 2024",4552.870000000,910.574000000,2020,2024
487895,1366757015,JOSEPH,KEANEY,Eye and Vision Services Providers|Optometrist,5,"2020, 2021, 2022, 2023, 2024",4550.510000000,910.102000000,2020,2024
187615,1124104344,TRENT,PITT,Eye and Vision Services Providers|Optometrist,5,"2020, 2021, 2022, 2023, 2024",4543.600000000,908.720000000,2020,2024
778845,1598758781,KRISTOPHER,MAY,Eye and Vision Services Providers|Optometrist,5,"2020, 2021, 2022, 2023, 2024",4528.810000000,905.762000000,2020,2024
266040,1861578080,SCOTT,FORESTER,Eye and Vision Services Providers|Optometrist,5,"2020, 2021, 2022, 2023, 2024",4500.430000000,900.086000000,2020,2024
286396,1326086828,SARASWATHY,RAMANATHAN,Allopathic & Osteopathic Physicians|Ophthalmology,5,"2020, 2021, 2022, 2023, 2024",4489.350000000,897.870000000,2020,2024
5703390,1689108425,ASHRAF,AHMAD,Allopathic & Osteopathic Physicians|Ophthalmology,5,"2020, 2021, 2022, 2023, 2024",4438.930000000,887.786000000,2020,2024
339123,1487095394,ALAN,ARABI,Eye and Vision Services Providers|Optometrist,5,"2020, 2021, 2022, 2023, 2024",4413.550000000,882.710000000,2020,2024
167566,1689679946,CHRIS,SMILEY,Eye and Vision Services Providers|Optometrist,5,"2020, 2021, 2022, 2023, 2024",4397.180000000,879.436000000,2020,2024
302932,1679764914,KAYLA,GADDIS,Eye and Vision Services Providers|Optometrist,5,"2020, 2021, 2022, 2023, 2024",4383.320000000,876.664000000,2020,2024
283536,1265435507,PHILLIP,BRUNSON,Eye and Vision Services Providers|Optometrist,5,"2020, 2021, 2022, 2023, 2024",4379.580000000,875.916000000,2020,2024
1399195,1487910063,BENJAMIN,XU,Allopathic & Osteopathic Physicians|Ophthalmology,5,"2020, 2021, 2022, 2023, 2024",4353.430000000,870.686000000,2020,2024
155037,1407871296,SEAN,MULQUEENY,Eye and Vision Services Providers|Optometrist,5,"2020, 2021, 2022, 2023, 2024",4348.100000000,869.620000000,2020,2024
341250,1528058252,AARON,PORTER,Allopathic & Osteopathic Physicians|Ophthalmology,5,"2020, 2021, 2022, 2023, 2024",4347.460000000,869.492000000,2020,2024
256594,1669467452,C WADE,HYATT III,Eye and Vision Services Providers|Optometrist,5,"2020, 2021, 2022, 2023, 2024",4337.630000000,867.526000000,2020,2024
354480,1821014135,LINDA,TSAI,Allopathic & Osteopathic Physicians|Ophthalmology,5,"2020, 2021, 2022, 2023, 2024",4336.560000000,867.312000000,2020,2024
102673,1275696056,PRESTON,SULLIVAN,Allopathic & Osteopathic Physicians|Ophthalmology,5,"2020, 2021, 2022, 2023, 2024",4303.760000000,860.752000000,2020,2024
325026,1154527851,ALBERT,CARUANA,Allopathic & Osteopathic Physicians|Ophthalmology,5,"2020, 2021, 2022, 2023, 2024",4298.060000000,859.612000000,2020,2024
307980,1770922338,NAPOLEON,LOVERO,Eye and Vision Services Providers|Optometrist|Corneal and Contact Management,5,"2020, 2021, 2022, 2023, 2024",4276.820000000,855.364000000,2020,2024
176160,1871606681,ERIC,COULTER,Allopathic & Osteopathic Physicians|Ophthalmology,5,"2020, 2021, 2022, 2023, 2024",4270.070000000,854.014000000,2020,2024
1270745,1891866679,JOHN,WHITEHEAD,Allopathic & Osteopathic Physicians|Ophthalmology,5,"2020, 2021, 2022, 2023, 2024",4252.590000000,850.518000000,2020,2024
501554,1851720429,KURT,BENNETT,Eye and Vision Services Providers|Optometrist,5,"2020, 2021, 2022, 2023, 2024",4230.540000000,846.108000000,2020,2024
152398,1376502229,HARVEY,REISER,Allopathic & Osteopathic Physicians|Ophthalmology,5,"2020, 2021, 2022, 2023, 2024",4221.860000000,844.372000000,2020,2024
241498,1316199326,SARJAN,PATEL,Allopathic & Osteopathic Physicians|Ophthalmology,5,"2020, 2021, 2022, 2023, 2024",4215.380000000,843.076000000,2020,2024
220671,1851512354,CARLOS,BUZNEGO,Allopathic & Osteopathic Physicians|Ophthalmology,5,"2020, 2021, 2022, 2023, 2024",4214.210000000,842.842000000,2020,2024
272032,1992708135,BILLY,HAGUEWOOD,Allopathic & Osteopathic Physicians|Ophthalmology,5,"2020, 2021, 2022, 2023, 2024",4201.600000000,840.320000000,2020,2024
5829356,1194372417,DAVID,ZARATE,Eye and Vision Services Providers|Optometrist,5,"2020, 2021, 2022, 2023, 2024",4194.400000000,838.880000000,2020,2024
39992,1871720987,ALENA,REZNIK,Allopathic & Osteopathic Physicians|Ophthalmology,5,"2020, 2021, 2022, 2023, 2024",4192.930000000,838.586000000,2020,2024
315662,1952373318,MARK,GRAYTOK,Eye and Vision Services Providers|Optometrist,5,"2020, 2021, 2022, 2023, 2024",4184.790000000,836.958000000,2020,2024
1175343,1528336989,ZEGARY,ALLEN,Allopathic & Osteopathic Physicians|Ophthalmology,5,"2020, 2021, 2022, 2023, 2024",4176.510000000,835.302000000,2020,2024
12368,1265528970,RAMIN,TAYANI,Allopathic & Osteopathic Physicians|Ophthalmology,5,"2020, 2021, 2022, 2023, 2024",4172.440000000,834.488000000,2020,2024
1432989,1871946855,CALISTA,MING,Eye and Vision Services Providers|Optometrist,5,"2020, 2021, 2022, 2023, 2024",4170.320000000,834.064000000,2020,2024
832408,1487611190,AYNN,UPTON,Eye and Vision Services Providers|Optometrist,5,"2020, 2021, 2022, 2023, 2024",4157.580000000,831.516000000,2020,2024
247690,1457320020,CHARLES,BLOTNICK,Allopathic & Osteopathic Physicians|Ophthalmology,5,"2020, 2021, 2022, 2023, 2024",4143.520000000,828.704000000,2020,2024
4038279,1144750886,DOUGLAS,ADAMS,Eye and Vision Services Providers|Optometrist,5,"2020, 2021, 2022, 2023, 2024",4140.880000000,828.176000000,2020,2024
340969,1508027269,KEVIN,YARYAN,Eye and Vision Services Providers|Optometrist,5,"2020, 2021, 2022, 2023, 2024",4140.670000000,828.134000000,2020,2024
73485,1639189681,FARSHID,AMIR,Eye and Vision Services Providers|Optometrist,5,"2020, 2021, 2022, 2023, 2024",4136.270000000,827.254000000,2020,2024
4738497,1376039750,ERIN,WOODS,Eye and Vision Services Providers|Optometrist,5,"2020, 2021, 2022, 2023, 2024",4130.840000000,826.168000000,2020,2024
356099,1851315626,DAVID,HAMILTON,Allopathic & Osteopathic Physicians|Ophthalmology,5,"2020, 2021, 2022, 2023, 2024",4128.770000000,825.754000000,2020,2024
227733,1013984723,ROBERT,DRUGER,Allopathic & Osteopathic Physicians|Ophthalmology,5,"2020, 2021, 2022, 2023, 2024",4121.260000000,824.252000000,2020,2024
235419,1194792887,MICHAEL,PISACANO,Allopathic & Osteopathic Physicians|Ophthalmology,5,"2020, 2021, 2022, 2023, 2024",4120.540000000,824.108000000,2020,2024
1058086,1407883838,MICHAEL,VRABEC,Allopathic & Osteopathic Physicians|Ophthalmology,5,"2020, 2021, 2022, 2023, 2024",4091.150000000,818.230000000,2020,2024
121442,1679569495,WENDIANNE,WILSON,Eye and Vision Services Providers|Optometrist,5,"2020, 2021, 2022, 2023, 2024",4091.030000000,818.206000000,2020,2024
276500,1104860691,BRYANT,LUM,Allopathic & Osteopathic Physicians|Ophthalmology,5,"2020, 2021, 2022, 2023, 2024",4089.850000000,817.970000000,2020,2024
315303,1962497826,ROLANDO,TOYOS,Allopathic & Osteopathic Physicians|Ophthalmology,5,"2020, 2021, 2022, 2023, 2024",4076.810000000,815.362000000,2020,2024
58682,1306957329,AFSHIN,KHODABAKHSH,Allopathic & Osteopathic Physicians|Ophthalmology,5,"2020, 2021, 2022, 2023, 2024",4066.290000000,813.258000000,2020,2024
230312,1083805725,JOSHUA,RHEINBOLT,Allopathic & Osteopathic Physicians|Ophthalmology,5,"2020, 2021, 2022, 2023, 2024",4061.850000000,812.370000000,2020,2024
207874,1578661930,LARA,UMEMOTO,Eye and Vision Services Providers|Optometrist,5,"2020, 2021, 2022, 2023, 2024",4046.820000000,809.364000000,2020,2024
1241829,1861476913,JAY,SINGLETON,Allopathic & Osteopathic Physicians|Ophthalmology,5,"2020, 2021, 2022, 2023, 2024",4023.750000000,804.750000000,2020,2024
85287,1871576025,MICHAEL,NEJAT,Allopathic & Osteopathic Physicians|Ophthalmology,5,"2020, 2021, 2022, 2023, 2024",4021.960000000,804.392000000,2020,2024
245629,1407845076,DAVID,GALIANI,Allopathic & Osteopathic Physicians|Ophthalmology,5,"2020, 2021, 2022, 2023, 2024",3957.290000000,791.458000000,2020,2024
160597,1538143805,NAVIN,TEKWANI,Allopathic & Osteopathic Physicians|Ophthalmology,5,"2020, 2021, 2022, 2023, 2024",3956.250000000,791.250000000,2020,2024
716638,1407269301,ERIC,MEDINA,Allopathic & Osteopathic Physicians|Ophthalmology,5,"2020, 2021, 2022, 2023, 2024",3951.830000000,790.366000000,2020,2024
99355,1194863910,CHRIS,YAMAMOTO,Eye and Vision Services Providers|Optometrist,5,"2020, 2021, 2022, 2023, 2024",3945.090000000,789.018000000,2020,2024
329967,1265538540,SANJAY,GOEL,Allopathic & Osteopathic Physicians|Ophthalmology,5,"2020, 2021, 2022, 2023, 2024",3938.190000000,787.638000000,2020,2024
234827,1174656870,KEVIN,OSBORNE,Eye and Vision Services Providers|Optometrist,5,"2020, 2021, 2022, 2023, 2024",3936.000000000,787.200000000,2020,2024
2788158,1124464664,BRANDON,BAARTMAN,Allopathic & Osteopathic Physicians|Ophthalmology,5,"2020, 2021, 2022, 2023, 2024",3916.200000000,783.240000000,2020,2024
28893,1659339141,MICHAEL,SAYEGH,Allopathic & Osteopathic Physicians|Ophthalmology,5,"2020, 2021, 2022, 2023, 2024",3915.560000000,783.112000000,2020,2024
205721,1538215777,KEVIN,JOHNSON,Eye and Vision Services Providers|Optometrist|Corneal and Contact Management,5,"2020, 2021, 2022, 2023, 2024",3915.310000000,783.062000000,2020,2024
3356860,1730609355,JENNIFER,NGUYEN,Eye and Vision Services Providers|Optometrist,5,"2020, 2021, 2022, 2023, 2024",3854.910000000,770.982000000,2020,2024
202781,1477717759,LUKE,BARKER,Allopathic & Osteopathic Physicians|Ophthalmology,5,"2020, 2021, 2022, 2023, 2024",3854.310000000,770.862000000,2020,2024
416834,1881616837,PRIYA,BHUTA,Eye and Vision Services Providers|Optometrist,5,"2020, 2021, 2022, 2023, 2024",3840.610000000,768.122000000,2020,2024
4318408,1982015921,JAMES,BERG,Allopathic & Osteopathic Physicians|Ophthalmology,5,"2020, 2021, 2022, 2023, 2024",3818.840000000,763.768000000,2020,2024
257040,1659548543,DANA,WALLACE,Allopathic & Osteopathic Physicians|Ophthalmology,5,"2020, 2021, 2022, 2023, 2024",3816.210000000,763.242000000,2020,2024
76247,1679518195,SIRTAZ,SIBIA,Allopathic & Osteopathic Physicians|Ophthalmology,5,"2020, 2021, 2022, 2023, 2024",3814.560000000,762.912000000,2020,2024
1050697,1144395302,ROBERTO,OLIVAREZ,Eye and Vision Services Providers|Optometrist,5,"2020, 2021, 2022, 2023, 2024",3735.750000000,747.150000000,2020,2024
307354,1760486419,PAUL,CHEN,Allopathic & Osteopathic Physicians|Ophthalmology,5,"2020, 2021, 2022, 2023, 2024",3723.430000000,744.686000000,2020,2024
241695,1346206224,HOWARD,BARNEBEY,Allopathic & Osteopathic Physicians|Ophthalmology,5,"2020, 2021, 2022, 2023, 2024",3715.660000000,743.132000000,2020,2024
472952,1841316833,MARK,CHUNG,Eye and Vision Services Providers|Optometrist,5,"2020, 2021, 2022, 2023, 2024",3711.950000000,742.390000000,2020,2024
428189,1306893144,PETER,CASS,Eye and Vision Services Providers|Optometrist,5,"2020, 2021, 2022, 2023, 2024",3711.080000000,742.216000000,2020,2024
252710,1568624468,DOUGLAS,BLACKMON,Allopathic & Osteopathic Physicians|Ophthalmology,5,"2020, 2021, 2022, 2023, 2024",3684.610000000,736.922000000,2020,2024
1208288,1699723452,GREG,PIENTKA,Eye and Vision Services Providers|Optometrist,5,"2020, 2021, 2022, 2023, 2024",3673.030000000,734.606000000,2020,2024
10633,1245222934,CARROLL,AKER,Eye and Vision Services Providers|Optometrist,5,"2020, 2021, 2022, 2023, 2024",3635.290000000,727.058000000,2020,2024
342611,1558366682,TAL,RAVIV,Allopathic & Osteopathic Physicians|Ophthalmology,5,"2020, 2021, 2022, 2023, 2024",3625.890000000,725.178000000,2020,2024
8589626,1740809854,EMERALD,SMITH,Eye and Vision Services Providers|Optometrist,5,"2020, 2021, 2022, 2023, 2024",3624.820000000,724.964000000,2020,2024
116924,1598704371,BRADLEY,HINES,Eye and Vision Services Providers|Optometrist,5,"2020, 2021, 2022, 2023, 2024",3621.720000000,724.344000000,2020,2024
773325,1407846330,ERIC,GRIESER,Allopathic & Osteopathic Physicians|Ophthalmology,5,"2020, 2021, 2022, 2023, 2024",3609.610000000,721.922000000,2020,2024
838587,1700880499,JAIME,BLANCHARD,Eye and Vision Services Providers|Optometrist,5,"2020, 2021, 2022, 2023, 2024",3590.960000000,718.192000000,2020,2024
218665,1811947567,JAMES,DOUB,Eye and Vision Services Providers|Optometrist,5,"2020, 2021, 2022, 2023, 2024",3584.470000000,716.894000000,2020,2024
1338986,1881070498,AMY,PUERTO,Eye and Vision Services Providers|Optometrist,5,"2020, 2021, 2022, 2023, 2024",3553.770000000,710.754000000,2020,2024
1115664,1427037605,WILLIAM,HOLCOMB,Allopathic & Osteopathic Physicians|Ophthalmology,5,"2020, 2021, 2022, 2023, 2024",3553.220000000,710.644000000,2020,2024
52465,1164637138,TODD,PIERZCHALA,Eye and Vision Services Providers|Optometrist,5,"2020, 2021, 2022, 2023, 2024",3542.520000000,708.504000000,2020,2024
181489,1992922751,FIONA,PATHAY,Allopathic & Osteopathic Physicians|Ophthalmology,5,"2020, 2021, 2022, 2023, 2024",3519.640000000,703.928000000,2020,2024
6619078,1720637440,SAMANTHA,DUNNINGTON,Eye and Vision Services Providers|Optometrist,5,"2020, 2021, 2022, 2023, 2024",3507.110000000,701.422000000,2020,2024
6232,1134118482,STEVEN,LEE,Allopathic & Osteopathic Physicians|Ophthalmology,5,"2020, 2021, 2022, 2023, 2024",3505.790000000,701.158000000,2020,2024
18536,1417980541,TODD,SHELDON,Eye and Vision Services Providers|Optometrist,5,"2020, 2021, 2022, 2023, 2024",3505.210000000,701.042000000,2020,2024
715524,1366415929,ERIC,MARTIN,Eye and Vision Services Providers|Optometrist,5,"2020, 2021, 2022, 2023, 2024",3492.270000000,698.454000000,2020,2024
60817,1356370712,DAVID,ARDAYA,Eye and Vision Services Providers|Optometrist,5,"2020, 2021, 2022, 2023, 2024",3484.930000000,696.986000000,2020,2024
588405,1912297284,LEE,KATZMAN,Allopathic & Osteopathic Physicians|Ophthalmology,5,"2020, 2021, 2022, 2023, 2024",3475.980000000,695.196000000,2020,2024
324735,1164520714,DWAYNE,LOGAN,Allopathic & Osteopathic Physicians|Ophthalmology,5,"2020, 2021, 2022, 2023, 2024",3474.680000000,694.936000000,2020,2024
340614,1508927310,BRUCE,BROWN,Allopathic & Osteopathic Physicians|Ophthalmology,5,"2020, 2021, 2022, 2023, 2024",3473.350000000,694.670000000,2020,2024
359100,1912962572,JOHN,BENEKE,Allopathic & Osteopathic Physicians|Ophthalmology,5,"2020, 2021, 2022, 2023, 2024",3473.310000000,694.662000000,2020,2024
60557,1336145606,BARON,WILLIAMSON,Allopathic & Osteopathic Physicians|Ophthalmology,5,"2020, 2021, 2022, 2023, 2024",3472.390000000,694.478000000,2020,2024
347716,1659374205,CHRISTOPHER,KNIGHT,Allopathic & Osteopathic Physicians|Ophthalmology,5,"2020, 2021, 2022, 2023, 2024",3448.040000000,689.608000000,2020,2024
12146,1275583270,KERRY,GELB,Eye and Vision Services Providers|Optometrist,5,"2020, 2021, 2022, 2023, 2024",3438.540000000,687.708000000,2020,2024
6386534,1871835355,NICOLE,FUERST,Allopathic & Osteopathic Physicians|Ophthalmology,5,"2020, 2021, 2022, 2023, 2024",3435.360000000,687.072000000,2020,2024
1726644,1285188490,DESIRAE,BRINKLEY,Eye and Vision Services Providers|Optometrist,5,"2020, 2021, 2022, 2023, 2024",3434.170000000,686.834000000,2020,2024
768225,1215915616,CHRISTOPHER,WILLIAMSON,Eye and Vision Services Providers|Optometrist,5,"2020, 2021, 2022, 2023, 2024",3422.170000000,684.434000000,2020,2024
198887,1376742452,ANDREA,EBERLE,Eye and Vision Services Providers|Optometrist,5,"2020, 2021, 2022, 2023, 2024",3418.400000000,683.680000000,2020,2024
570558,1265407084,DEREK,CUNNINGHAM,Eye and Vision Services Providers|Optometrist,5,"2020, 2021, 2022, 2023, 2024",3403.620000000,680.724000000,2020,2024
126685,1801888110,MICHAEL,TRAN,Allopathic & Osteopathic Physicians|Ophthalmology,5,"2020, 2021, 2022, 2023, 2024",3400.760000000,680.152000000,2020,2024
1007699,1629105341,SEBI,CHUNG,Eye and Vision Services Providers|Optometrist,5,"2020, 2021, 2022, 2023, 2024",3392.770000000,678.554000000,2020,2024
149471,1275795775,JEFFREY,DAVIS,Allopathic & Osteopathic Physicians|Ophthalmology,5,"2020, 2021, 2022, 2023, 2024",3378.220000000,675.644000000,2020,2024
743543,1356357206,THANH,PHAM,Eye and Vision Services Providers|Optometrist,5,"2020, 2021, 2022, 2023, 2024",3377.800000000,675.560000000,2020,2024
86232,1912097171,JOHN,DESTAFENO,Allopathic & Osteopathic Physicians|Ophthalmology,5,"2020, 2021, 2022, 2023, 2024",3364.000000000,672.800000000,2020,2024
830538,1417960881,GORDON,PENN,Eye and Vision Services Providers|Optometrist|Corneal and Contact Management,5,"2020, 2021, 2022, 2023, 2024",3361.460000000,672.292000000,2020,2024
1260194,1528279890,CHRISTINE,TSENG,Eye and Vision Services Providers|Optometrist,5,"2020, 2021, 2022, 2023, 2024",3348.860000000,669.772000000,2020,2024
1382652,1356753883,BRETT,WEINSTOCK,Allopathic & Osteopathic Physicians|Ophthalmology,5,"2020, 2021, 2022, 2023, 2024",3337.040000000,667.408000000,2020,2024
808518,1639497258,ARDALAN,AMINLARI,Allopathic & Osteopathic Physicians|Ophthalmology|Glaucoma Specialist,5,"2020, 2021, 2022, 2023, 2024",3320.840000000,664.168000000,2020,2024
303935,1699726687,JAY,RUDD,Allopathic & Osteopathic Physicians|Ophthalmology,5,"2020, 2021, 2022, 2023, 2024",3316.460000000,663.292000000,2020,2024
993932,1144263963,TODD,STEBEL,Eye and Vision Services Providers|Optometrist,5,"2020, 2021, 2022, 2023, 2024",3314.440000000,662.888000000,2020,2024
4909414,1851711733,ANNIE,NGUYEN,Allopathic & Osteopathic Physicians|Ophthalmology,5,"2020, 2021, 2022, 2023, 2024",3314.360000000,662.872000000,2020,2024
1010272,1720081961,MARC,MICHELSON,Allopathic & Osteopathic Physicians|Ophthalmology,5,"2020, 2021, 2022, 2023, 2024",3313.400000000,662.680000000,2020,2024
56756,1255491874,LINDA,ZANAS,Eye and Vision Services Providers|Optometrist,5,"2020, 2021, 2022, 2023, 2024",3301.610000000,660.322000000,2020,2024
1070435,1841244878,TODD,COHAN,Eye and Vision Services Providers|Optometrist,5,"2020, 2021, 2022, 2023, 2024",3297.830000000,659.566000000,2020,2024
1071863,1891837779,ANDREW,LU,Eye and Vision Services Providers|Optometrist,5,"2020, 2021, 2022, 2023, 2024",3293.130000000,658.626000000,2020,2024
